gender_cat,observed_citations,expected_citations,oe_ratio,pct_diff_from_expected,baseline,citation_slice,citing_year,replaceable_edges
MM,3.0,3.0,1.0,0.0,BC_network_weight_only,All→CS,1962,3
MW,0.0,0.0,,,BC_network_weight_only,All→CS,1962,3
WM,0.0,0.0,,,BC_network_weight_only,All→CS,1962,3
WW,0.0,0.0,,,BC_network_weight_only,All→CS,1962,3
MM,3.0,3.0,1.0,0.0,BC_network_x_prior_citation,All→CS,1962,3
MW,0.0,0.0,,,BC_network_x_prior_citation,All→CS,1962,3
WM,0.0,0.0,,,BC_network_x_prior_citation,All→CS,1962,3
WW,0.0,0.0,,,BC_network_x_prior_citation,All→CS,1962,3
MM,5.0,5.0,1.0,0.0,BC_network_weight_only,All→CS,1963,5
MW,0.0,0.0,,,BC_network_weight_only,All→CS,1963,5
WM,0.0,0.0,,,BC_network_weight_only,All→CS,1963,5
WW,0.0,0.0,,,BC_network_weight_only,All→CS,1963,5
MM,5.0,5.0,1.0,0.0,BC_network_x_prior_citation,All→CS,1963,5
MW,0.0,0.0,,,BC_network_x_prior_citation,All→CS,1963,5
WM,0.0,0.0,,,BC_network_x_prior_citation,All→CS,1963,5
WW,0.0,0.0,,,BC_network_x_prior_citation,All→CS,1963,5
MM,9.0,8.6,1.0465116279069768,4.651162790697683,BC_network_weight_only,All→CS,1964,9
MW,0.0,0.0,,,BC_network_weight_only,All→CS,1964,9
WM,0.0,0.0,,,BC_network_weight_only,All→CS,1964,9
WW,0.0,0.4,0.0,-100.0,BC_network_weight_only,All→CS,1964,9
MM,9.0,8.6,1.0465116279069768,4.651162790697683,BC_network_x_prior_citation,All→CS,1964,9
MW,0.0,0.0,,,BC_network_x_prior_citation,All→CS,1964,9
WM,0.0,0.0,,,BC_network_x_prior_citation,All→CS,1964,9
WW,0.0,0.4,0.0,-100.0,BC_network_x_prior_citation,All→CS,1964,9
MM,21.0,20.42063492063492,1.028371550719005,2.837155071900499,BC_network_weight_only,All→CS,1965,22
MW,0.0,0.0,,,BC_network_weight_only,All→CS,1965,22
WM,0.0,0.0,,,BC_network_weight_only,All→CS,1965,22
WW,1.0,1.5793650793650795,0.6331658291457286,-36.68341708542714,BC_network_weight_only,All→CS,1965,22
MM,21.0,20.583333333333336,1.020242914979757,2.0242914979756943,BC_network_x_prior_citation,All→CS,1965,22
MW,0.0,0.0,,,BC_network_x_prior_citation,All→CS,1965,22
WM,0.0,0.0,,,BC_network_x_prior_citation,All→CS,1965,22
WW,1.0,1.4166666666666667,0.7058823529411764,-29.41176470588236,BC_network_x_prior_citation,All→CS,1965,22
MM,27.0,26.24285714285714,1.0288513881328254,2.8851388132825395,BC_network_weight_only,All→CS,1966,29
MW,0.0,0.0,,,BC_network_weight_only,All→CS,1966,29
WM,0.0,0.0,,,BC_network_weight_only,All→CS,1966,29
WW,2.0,2.757142857142857,0.7253886010362695,-27.461139896373055,BC_network_weight_only,All→CS,1966,29
MM,27.0,26.496894409937887,1.018987341772152,1.8987341772152,BC_network_x_prior_citation,All→CS,1966,29
MW,0.0,0.0,,,BC_network_x_prior_citation,All→CS,1966,29
WM,0.0,0.0,,,BC_network_x_prior_citation,All→CS,1966,29
WW,2.0,2.5031055900621118,0.7990074441687345,-20.099255583126553,BC_network_x_prior_citation,All→CS,1966,29
MM,40.0,38.86349206349206,1.029243587649077,2.9243587649077085,BC_network_weight_only,All→CS,1967,41
MW,0.0,0.0,,,BC_network_weight_only,All→CS,1967,41
WM,0.0,0.0,,,BC_network_weight_only,All→CS,1967,41
WW,1.0,2.1365079365079365,0.46805349182763745,-53.19465081723626,BC_network_weight_only,All→CS,1967,41
MM,40.0,39.419061302681996,1.0147375071379103,1.4737507137910333,BC_network_x_prior_citation,All→CS,1967,41
MW,0.0,0.0,,,BC_network_x_prior_citation,All→CS,1967,41
WM,0.0,0.0,,,BC_network_x_prior_citation,All→CS,1967,41
WW,1.0,1.5809386973180077,0.6325355952741594,-36.74644047258406,BC_network_x_prior_citation,All→CS,1967,41
MM,60.0,59.647619047619045,1.005907711959125,0.5907711959125095,BC_network_weight_only,All→CS,1968,67
MW,0.0,0.0,,,BC_network_weight_only,All→CS,1968,67
WM,0.0,0.0,,,BC_network_weight_only,All→CS,1968,67
WW,7.0,7.352380952380952,0.9520725388601037,-4.792746113989632,BC_network_weight_only,All→CS,1968,67
MM,60.0,60.76149793981119,0.9874674264850166,-1.253257351498338,BC_network_x_prior_citation,All→CS,1968,67
MW,0.0,0.0,,,BC_network_x_prior_citation,All→CS,1968,67
WM,0.0,0.0,,,BC_network_x_prior_citation,All→CS,1968,67
WW,7.0,6.238502060188807,1.1220642283138311,12.206422831383112,BC_network_x_prior_citation,All→CS,1968,67
MM,96.0,94.50513784461153,1.0158177871540315,1.5817787154031482,BC_network_weight_only,All→CS,1969,102
MW,0.0,0.0,,,BC_network_weight_only,All→CS,1969,102
WM,0.0,0.0,,,BC_network_weight_only,All→CS,1969,102
WW,6.0,7.4948621553884704,0.8005484124462874,-19.94515875537126,BC_network_weight_only,All→CS,1969,102
MM,96.0,94.74883546501574,1.013205065042158,1.3205065042158015,BC_network_x_prior_citation,All→CS,1969,102
MW,0.0,0.0,,,BC_network_x_prior_citation,All→CS,1969,102
WM,0.0,0.0,,,BC_network_x_prior_citation,All→CS,1969,102
WW,6.0,7.25116453498426,0.827453296784559,-17.254670321544097,BC_network_x_prior_citation,All→CS,1969,102
MM,88.0,90.01135154960573,0.9776544678534543,-2.2345532146545666,BC_network_weight_only,All→CS,1970,95
MW,0.0,0.0,,,BC_network_weight_only,All→CS,1970,95
WM,0.0,0.0,,,BC_network_weight_only,All→CS,1970,95
WW,7.0,4.988648450394279,1.403185666339498,40.31856663394979,BC_network_weight_only,All→CS,1970,95
MM,88.0,90.03093867757359,0.9774417693805575,-2.255823061944251,BC_network_x_prior_citation,All→CS,1970,95
MW,0.0,0.0,,,BC_network_x_prior_citation,All→CS,1970,95
WM,0.0,0.0,,,BC_network_x_prior_citation,All→CS,1970,95
WW,7.0,4.9690613224264135,1.4087167667679075,40.87167667679075,BC_network_x_prior_citation,All→CS,1970,95
MM,146.0,145.00217650730735,1.0068814380358102,0.6881438035810206,BC_network_weight_only,All→CS,1971,155
MW,0.0,0.7801115298587492,0.0,-100.0,BC_network_weight_only,All→CS,1971,155
WM,0.0,0.0975609756097561,0.0,-100.0,BC_network_weight_only,All→CS,1971,155
WW,9.0,9.120150987224157,0.9868257677540132,-1.3174232245986794,BC_network_weight_only,All→CS,1971,155
MM,146.0,144.61825584752407,1.0095544241242458,0.9554424124245786,BC_network_x_prior_citation,All→CS,1971,155
MW,0.0,0.7801115298587492,0.0,-100.0,BC_network_x_prior_citation,All→CS,1971,155
WM,0.0,0.0975609756097561,0.0,-100.0,BC_network_x_prior_citation,All→CS,1971,155
WW,9.0,9.504071647007427,0.9469625581825085,-5.303744181749148,BC_network_x_prior_citation,All→CS,1971,155
MM,167.0,163.77703484572288,1.0196789809835862,1.9678980983586225,BC_network_weight_only,All→CS,1972,175
MW,1.0,0.8731347856727026,1.1452985454354045,14.529854543540456,BC_network_weight_only,All→CS,1972,175
WM,0.0,1.0975609756097562,0.0,-100.0,BC_network_weight_only,All→CS,1972,175
WW,7.0,9.25226939299468,0.7565711397573467,-24.342886024265333,BC_network_weight_only,All→CS,1972,175
MM,167.0,163.74624554513667,1.0198707118079628,1.9870711807962849,BC_network_x_prior_citation,All→CS,1972,175
MW,1.0,0.7650593990216632,1.3070880526123492,30.708805261234918,BC_network_x_prior_citation,All→CS,1972,175
WM,0.0,1.0769230769230769,0.0,-100.0,BC_network_x_prior_citation,All→CS,1972,175
WW,7.0,9.411771978918582,0.7437494252601203,-25.625057473987965,BC_network_x_prior_citation,All→CS,1972,175
MM,248.0,251.25324234303827,0.9870519388617617,-1.294806113823832,BC_network_weight_only,All→CS,1973,261
MW,6.0,0.5863565891472868,10.232681121099947,923.2681121099947,BC_network_weight_only,All→CS,1973,261
WM,0.0,0.3617886178861789,0.0,-100.0,BC_network_weight_only,All→CS,1973,261
WW,7.0,8.798612449928239,0.7955799894399362,-20.442001056006376,BC_network_weight_only,All→CS,1973,261
MM,248.0,251.26134417975027,0.9870201117072066,-1.2979888292793396,BC_network_x_prior_citation,All→CS,1973,261
MW,6.0,0.4741702741702742,12.653682288496652,1165.3682288496652,BC_network_x_prior_citation,All→CS,1973,261
WM,0.0,0.21645021645021645,0.0,-100.0,BC_network_x_prior_citation,All→CS,1973,261
WW,7.0,9.048035329629258,0.7736486148630926,-22.635138513690745,BC_network_x_prior_citation,All→CS,1973,261
MM,287.0,293.182069658135,0.9789138890200768,-2.108611097992319,BC_network_weight_only,All→CS,1974,308
MW,12.0,3.3297120708748613,3.6039152168635034,260.39152168635036,BC_network_weight_only,All→CS,1974,308
WM,0.0,1.839737108190091,0.0,-100.0,BC_network_weight_only,All→CS,1974,308
WW,9.0,9.64848116280005,0.9327893010456108,-6.721069895438925,BC_network_weight_only,All→CS,1974,308
MM,287.0,292.4787718481284,0.9812677965873937,-1.8732203412606285,BC_network_x_prior_citation,All→CS,1974,308
MW,12.0,3.7024829132279873,3.241068299634062,224.1068299634062,BC_network_x_prior_citation,All→CS,1974,308
WM,0.0,1.6460025481764613,0.0,-100.0,BC_network_x_prior_citation,All→CS,1974,308
WW,9.0,10.17274269046715,0.884717157786157,-11.5282842213843,BC_network_x_prior_citation,All→CS,1974,308
MM,326.0,328.37771045121684,0.9927592209350943,-0.7240779064905722,BC_network_weight_only,All→CS,1975,349
MW,7.0,5.365684320239723,1.3045866253434866,30.458662534348658,BC_network_weight_only,All→CS,1975,349
WM,1.0,2.490979563072586,0.4014484963363228,-59.855150366367724,BC_network_weight_only,All→CS,1975,349
WW,15.0,12.765625665470866,1.1750305385009672,17.503053850096716,BC_network_weight_only,All→CS,1975,349
MM,326.0,325.38565717362167,1.0018880451944767,0.18880451944767174,BC_network_x_prior_citation,All→CS,1975,349
MW,7.0,7.8214442284261905,0.8949753773809778,-10.502462261902224,BC_network_x_prior_citation,All→CS,1975,349
WM,1.0,2.255316689782709,0.4433967098857173,-55.660329011428274,BC_network_x_prior_citation,All→CS,1975,349
WW,15.0,13.537581908169459,1.1080265369214883,10.802653692148834,BC_network_x_prior_citation,All→CS,1975,349
MM,470.0,470.50650951001694,0.9989234803349598,-0.10765196650401876,BC_network_weight_only,All→CS,1976,506
MW,12.0,14.738747144328538,0.8141804647634242,-18.581953523657578,BC_network_weight_only,All→CS,1976,506
WM,9.0,8.150036001628324,1.1042896004633425,10.428960046334247,BC_network_weight_only,All→CS,1976,506
WW,15.0,12.604707344026231,1.1900315961805312,19.00315961805312,BC_network_weight_only,All→CS,1976,506
MM,470.0,468.8244439850572,1.0025074546133952,0.2507454613395188,BC_network_x_prior_citation,All→CS,1976,506
MW,12.0,16.707023696914618,0.7182607876599894,-28.173921234001064,BC_network_x_prior_citation,All→CS,1976,506
WM,9.0,7.635395989488061,1.1787207909570951,17.872079095709516,BC_network_x_prior_citation,All→CS,1976,506
WW,15.0,12.833136328540078,1.1688491118605944,16.884911186059437,BC_network_x_prior_citation,All→CS,1976,506
MM,558.0,578.2757412785124,0.9649375897496846,-3.5062410250315423,BC_network_weight_only,All→CS,1977,630
MW,11.0,17.226775390173902,0.6385408615865721,-36.14591384134279,BC_network_weight_only,All→CS,1977,630
WM,30.0,15.725170865657638,1.9077694135277923,90.77694135277923,BC_network_weight_only,All→CS,1977,630
WW,31.0,18.77231246565612,1.6513682081903542,65.13682081903542,BC_network_weight_only,All→CS,1977,630
MM,558.0,576.1886273067516,0.9684328595797356,-3.156714042026443,BC_network_x_prior_citation,All→CS,1977,630
MW,11.0,19.468132645599454,0.5650259426646357,-43.49740573353643,BC_network_x_prior_citation,All→CS,1977,630
WM,30.0,17.884338187513748,1.677445353887627,67.7445353887627,BC_network_x_prior_citation,All→CS,1977,630
WW,31.0,16.4589018601351,1.8834792420194637,88.34792420194637,BC_network_x_prior_citation,All→CS,1977,630
MM,721.0,770.7732219860753,0.9354242978786638,-6.457570212133623,BC_network_weight_only,All→CS,1978,834
MW,9.0,18.165696631009723,0.49543929874049336,-50.45607012595066,BC_network_weight_only,All→CS,1978,834
WM,65.0,21.431644153477695,3.032898434413979,203.2898434413979,BC_network_weight_only,All→CS,1978,834
WW,39.0,23.62943722943723,1.6504836582148614,65.04836582148614,BC_network_weight_only,All→CS,1978,834
MM,721.0,766.0776314992531,0.9411578805518261,-5.884211944817386,BC_network_x_prior_citation,All→CS,1978,834
MW,9.0,19.885276693629386,0.45259616643319406,-54.74038335668059,BC_network_x_prior_citation,All→CS,1978,834
WM,65.0,23.77138628844112,2.7343798637274412,173.43798637274412,BC_network_x_prior_citation,All→CS,1978,834
WW,39.0,24.265705518676302,1.607206514971647,60.7206514971647,BC_network_x_prior_citation,All→CS,1978,834
MM,766.0,811.012039480876,0.9444989256760136,-5.550107432398644,BC_network_weight_only,All→CS,1979,877
MW,12.0,22.202556096871163,0.5404783101388524,-45.95216898611476,BC_network_weight_only,All→CS,1979,877
WM,66.0,16.30590294104862,4.047613937027126,304.7613937027126,BC_network_weight_only,All→CS,1979,877
WW,33.0,27.479501481204267,1.2008951480641563,20.089514806415632,BC_network_weight_only,All→CS,1979,877
MM,766.0,800.2271414829063,0.9572282172040807,-4.277178279591931,BC_network_x_prior_citation,All→CS,1979,877
MW,12.0,21.028872014711617,0.5706440170259681,-42.93559829740319,BC_network_x_prior_citation,All→CS,1979,877
WM,66.0,27.555725200568546,2.395146544669354,139.5146544669354,BC_network_x_prior_citation,All→CS,1979,877
WW,33.0,28.188261301813668,1.1707000884753662,17.07000884753662,BC_network_x_prior_citation,All→CS,1979,877
MM,916.0,952.3877005942956,0.9617931850951147,-3.820681490488531,BC_network_weight_only,All→CS,1980,1040
MW,12.0,21.643860015953038,0.5544297547274452,-44.557024527255486,BC_network_weight_only,All→CS,1980,1040
WM,70.0,21.21601153253615,3.299394888273434,229.93948882734338,BC_network_weight_only,All→CS,1980,1040
WW,42.0,44.752427857215324,0.9384965690353813,-6.150343096461874,BC_network_weight_only,All→CS,1980,1040
MM,916.0,937.9288285522744,0.9766199439821865,-2.3380056017813455,BC_network_x_prior_citation,All→CS,1980,1040
MW,12.0,21.31683918452538,0.5629352408264734,-43.70647591735266,BC_network_x_prior_citation,All→CS,1980,1040
WM,70.0,33.07692386001789,2.1162790196646215,111.62790196646215,BC_network_x_prior_citation,All→CS,1980,1040
WW,42.0,47.67740840318237,0.8809203647318335,-11.907963526816644,BC_network_x_prior_citation,All→CS,1980,1040
MM,1128.0,1166.2028393451878,0.9672416855316195,-3.275831446838051,BC_network_weight_only,All→CS,1981,1276
MW,16.0,30.805737702384107,0.5193837639785439,-48.06162360214561,BC_network_weight_only,All→CS,1981,1276
WM,80.0,35.84030211395121,2.232124041411447,123.21240414114469,BC_network_weight_only,All→CS,1981,1276
WW,52.0,43.151120838476885,1.2050671915254811,20.506719152548115,BC_network_weight_only,All→CS,1981,1276
MM,1128.0,1149.5603356145184,0.9812447116114241,-1.8755288388575875,BC_network_x_prior_citation,All→CS,1981,1276
MW,16.0,28.888235905685367,0.5538586728603636,-44.61413271396364,BC_network_x_prior_citation,All→CS,1981,1276
WM,80.0,51.97609353844873,1.5391691555430365,53.91691555430364,BC_network_x_prior_citation,All→CS,1981,1276
WW,52.0,45.5753349413476,1.1409680272656364,14.09680272656364,BC_network_x_prior_citation,All→CS,1981,1276
MM,1502.0,1536.4381218978722,0.977585741067572,-2.241425893242799,BC_network_weight_only,All→CS,1982,1674
MW,34.0,39.35196756094875,0.8639974595257641,-13.600254047423588,BC_network_weight_only,All→CS,1982,1674
WM,75.0,33.44368915568424,2.2425755618905057,124.25755618905056,BC_network_weight_only,All→CS,1982,1674
WW,63.0,64.76622138549492,0.9727292815960006,-2.7270718403999417,BC_network_weight_only,All→CS,1982,1674
MM,1502.0,1526.9862084143854,0.9836369128439405,-1.6363087156059497,BC_network_x_prior_citation,All→CS,1982,1674
MW,34.0,37.348609753554214,0.910341783117227,-8.965821688277298,BC_network_x_prior_citation,All→CS,1982,1674
WM,75.0,43.23480250491487,1.7347136023455667,73.47136023455667,BC_network_x_prior_citation,All→CS,1982,1674
WW,63.0,66.43037932714547,0.9483612864793064,-5.163871352069361,BC_network_x_prior_citation,All→CS,1982,1674
MM,1891.0,1902.2347242354929,0.9940939337862166,-0.5906066213783423,BC_network_weight_only,All→CS,1983,2075
MW,36.0,43.42931481170426,0.8289331792611646,-17.10668207388354,BC_network_weight_only,All→CS,1983,2075
WM,78.0,49.632048236221586,1.5715652037724168,57.156520377241684,BC_network_weight_only,All→CS,1983,2075
WW,70.0,79.7039127165813,0.8782504850033224,-12.174951499667763,BC_network_weight_only,All→CS,1983,2075
MM,1891.0,1899.2848682730125,0.9956379011851204,-0.4362098814879589,BC_network_x_prior_citation,All→CS,1983,2075
MW,36.0,43.13579390491383,0.8345737203621757,-16.54262796378243,BC_network_x_prior_citation,All→CS,1983,2075
WM,78.0,54.00160607342954,1.44440148491025,44.440148491025,BC_network_x_prior_citation,All→CS,1983,2075
WW,70.0,78.57773174864397,0.8908376259054844,-10.916237409451558,BC_network_x_prior_citation,All→CS,1983,2075
MM,2087.0,2053.866733918904,1.0161321401889964,1.6132140188996447,BC_network_weight_only,All→CS,1984,2321
MW,50.0,82.74884156291398,0.604238066124285,-39.5761933875715,BC_network_weight_only,All→CS,1984,2321
WM,94.0,78.72786720429873,1.1939863651592402,19.398636515924018,BC_network_weight_only,All→CS,1984,2321
WW,90.0,105.65655731388331,0.8518165108543998,-14.81834891456002,BC_network_weight_only,All→CS,1984,2321
MM,2087.0,2049.035782878246,1.0185278448717114,1.852784487171144,BC_network_x_prior_citation,All→CS,1984,2321
MW,50.0,84.84670541500023,0.5892980729828126,-41.070192701718746,BC_network_x_prior_citation,All→CS,1984,2321
WM,94.0,81.94995618077705,1.147041491915398,14.704149191539795,BC_network_x_prior_citation,All→CS,1984,2321
WW,90.0,105.16755552597633,0.8557772361436132,-14.422276385638677,BC_network_x_prior_citation,All→CS,1984,2321
MM,2442.0,2421.502910452087,1.0084646148717973,0.8464614871797282,BC_network_weight_only,All→CS,1985,2709
MW,53.0,86.23465480618563,0.6146021007345448,-38.539789926545524,BC_network_weight_only,All→CS,1985,2709
WM,103.0,77.8317965192654,1.32336660087892,32.336660087892,BC_network_weight_only,All→CS,1985,2709
WW,111.0,123.43063822246236,0.89929049706396,-10.070950293603998,BC_network_weight_only,All→CS,1985,2709
MM,2442.0,2418.119462248029,1.0098756650053056,0.9875665005305567,BC_network_x_prior_citation,All→CS,1985,2709
MW,53.0,88.17752775516621,0.6010601720107173,-39.89398279892827,BC_network_x_prior_citation,All→CS,1985,2709
WM,103.0,76.37908827799257,1.3485366521411835,34.853665214118344,BC_network_x_prior_citation,All→CS,1985,2709
WW,111.0,126.3239217188123,0.8786934294763092,-12.130657052369076,BC_network_x_prior_citation,All→CS,1985,2709
MM,3095.0,3037.5351169285423,1.0189182613070706,1.8918261307070638,BC_network_weight_only,All→CS,1986,3409
MW,76.0,109.8001778237033,0.692166456433492,-30.783354356650804,BC_network_weight_only,All→CS,1986,3409
WM,114.0,110.65192918472985,1.0302576813611686,3.0257681361168576,BC_network_weight_only,All→CS,1986,3409
WW,124.0,151.01277606302452,0.8211225780542512,-17.887742194574884,BC_network_weight_only,All→CS,1986,3409
MM,3095.0,3044.249919751088,1.016670799568605,1.6670799568605066,BC_network_x_prior_citation,All→CS,1986,3409
MW,76.0,109.65518723479207,0.6930816673293341,-30.691833267066592,BC_network_x_prior_citation,All→CS,1986,3409
WM,114.0,111.64250255367728,1.021116486932826,2.1116486932825973,BC_network_x_prior_citation,All→CS,1986,3409
WW,124.0,143.4523904604431,0.8643982829564134,-13.560171704358659,BC_network_x_prior_citation,All→CS,1986,3409
MM,4066.0,3998.5468959618647,1.0168694042593964,1.6869404259396426,BC_network_weight_only,All→CS,1987,4469
MW,79.0,128.12159714672856,0.616601742089797,-38.339825791020296,BC_network_weight_only,All→CS,1987,4469
WM,146.0,143.96178863408585,1.0141580025175623,1.4158002517562274,BC_network_weight_only,All→CS,1987,4469
WW,178.0,198.36971825732127,0.897314376225014,-10.268562377498602,BC_network_weight_only,All→CS,1987,4469
MM,4066.0,4010.324495164484,1.013883042357956,1.38830423579559,BC_network_x_prior_citation,All→CS,1987,4469
MW,79.0,123.34526280483985,0.6404785899641391,-35.95214100358609,BC_network_x_prior_citation,All→CS,1987,4469
WM,146.0,136.789729461494,1.06733159408067,6.733159408067002,BC_network_x_prior_citation,All→CS,1987,4469
WW,178.0,198.54051256918206,0.8965424622744205,-10.345753772557952,BC_network_x_prior_citation,All→CS,1987,4469
MM,5515.0,5484.07988445907,1.0056381592158334,0.5638159215833438,BC_network_weight_only,All→CS,1988,6139
MW,152.0,199.67496496482946,0.7612371437088927,-23.876285629110725,BC_network_weight_only,All→CS,1988,6139
WM,231.0,225.32143385134012,1.0252020682258147,2.520206822581472,BC_network_weight_only,All→CS,1988,6139
WW,241.0,229.9237167247611,1.0481737309792107,4.817373097921074,BC_network_weight_only,All→CS,1988,6139
MM,5515.0,5510.2927771688155,1.0008542600223873,0.08542600223873098,BC_network_x_prior_citation,All→CS,1988,6139
MW,152.0,187.38256029475937,0.8111747419871873,-18.88252580128127,BC_network_x_prior_citation,All→CS,1988,6139
WM,231.0,226.99341465779315,1.017650667744027,1.7650667744026904,BC_network_x_prior_citation,All→CS,1988,6139
WW,241.0,214.33124787863233,1.1244277369040896,12.44277369040896,BC_network_x_prior_citation,All→CS,1988,6139
MM,6546.0,6459.233343399896,1.0134329651813498,1.3432965181349843,BC_network_weight_only,All→CS,1989,7301
MW,197.0,276.024669666175,0.7137043230166795,-28.629567698332046,BC_network_weight_only,All→CS,1989,7301
WM,275.0,273.3287695869771,1.0061143596978404,0.6114359697840355,BC_network_weight_only,All→CS,1989,7301
WW,283.0,292.41321734695134,0.9678085093678154,-3.2191490632184627,BC_network_weight_only,All→CS,1989,7301
MM,6546.0,6510.486028522442,1.0054548879026806,0.5454887902680561,BC_network_x_prior_citation,All→CS,1989,7301
MW,197.0,257.3365169462328,0.7655345705994795,-23.44654294005205,BC_network_x_prior_citation,All→CS,1989,7301
WM,275.0,260.7405708868922,1.0546881870535347,5.468818705353473,BC_network_x_prior_citation,All→CS,1989,7301
WW,283.0,272.4368836444328,1.0387727102669164,3.877271026691642,BC_network_x_prior_citation,All→CS,1989,7301
MM,7925.0,7841.14713132245,1.0106939542484275,1.069395424842745,BC_network_weight_only,All→CS,1990,8937
MW,302.0,392.70968607633745,0.7690159186480959,-23.098408135190407,BC_network_weight_only,All→CS,1990,8937
WM,386.0,374.9980061589855,1.0293388062344793,2.9338806234479264,BC_network_weight_only,All→CS,1990,8937
WW,324.0,328.1451764422267,0.9873678580707204,-1.2632141929279639,BC_network_weight_only,All→CS,1990,8937
MM,7925.0,7905.301093388017,1.002491860383213,0.24918603832129183,BC_network_x_prior_citation,All→CS,1990,8937
MW,302.0,367.19801551612,0.8224445319387687,-17.755546806123135,BC_network_x_prior_citation,All→CS,1990,8937
WM,386.0,368.6249118676224,1.0471348722590328,4.713487225903279,BC_network_x_prior_citation,All→CS,1990,8937
WW,324.0,295.87597922824085,1.095053410030505,9.505341003050493,BC_network_x_prior_citation,All→CS,1990,8937
MM,9072.0,8960.660517210172,1.0124253655828146,1.2425365582814596,BC_network_weight_only,All→CS,1991,10280
MW,396.0,465.09373774546737,0.8514412641193625,-14.855873588063751,BC_network_weight_only,All→CS,1991,10280
WM,427.0,444.68549420243914,0.960229208208919,-3.9770791791081006,BC_network_weight_only,All→CS,1991,10280
WW,385.0,409.5602508419219,0.9400326306289879,-5.99673693710121,BC_network_weight_only,All→CS,1991,10280
MM,9072.0,9029.605565713162,1.0046950483028645,0.46950483028644907,BC_network_x_prior_citation,All→CS,1991,10280
MW,396.0,431.65943837464863,0.9173898791396312,-8.261012086036878,BC_network_x_prior_citation,All→CS,1991,10280
WM,427.0,435.8960135391869,0.9795914317569523,-2.040856824304771,BC_network_x_prior_citation,All→CS,1991,10280
WW,385.0,382.83898237300343,1.0056447167777995,0.5644716777799541,BC_network_x_prior_citation,All→CS,1991,10280
MM,10571.0,10548.109744685707,1.0021700812627423,0.21700812627423183,BC_network_weight_only,All→CS,1992,12115
MW,525.0,541.3264921582031,0.9698398426925101,-3.0160157307489888,BC_network_weight_only,All→CS,1992,12115
WM,592.0,561.4591095737486,1.0543955737924309,5.439557379243087,BC_network_weight_only,All→CS,1992,12115
WW,427.0,464.10465358234075,0.9200511063702194,-7.994889362978064,BC_network_weight_only,All→CS,1992,12115
MM,10571.0,10618.935264185387,0.9954858690638166,-0.4514130936183358,BC_network_x_prior_citation,All→CS,1992,12115
MW,525.0,513.3642990075507,1.0226655827351916,2.266558273519159,BC_network_x_prior_citation,All→CS,1992,12115
WM,592.0,547.9441837706703,1.0804020145376125,8.040201453761252,BC_network_x_prior_citation,All→CS,1992,12115
WW,427.0,434.7562530363923,0.9821595365627943,-1.784046343720569,BC_network_x_prior_citation,All→CS,1992,12115
MM,11475.0,11460.581563584208,1.001258089420314,0.12580894203140236,BC_network_weight_only,All→CS,1993,13250
MW,644.0,631.0654892861442,1.0204963049532105,2.049630495321053,BC_network_weight_only,All→CS,1993,13250
WM,690.0,631.724919946069,1.0922475561972542,9.224755619725421,BC_network_weight_only,All→CS,1993,13250
WW,441.0,526.6280271835799,0.8374032091654506,-16.259679083454937,BC_network_weight_only,All→CS,1993,13250
MM,11475.0,11517.66353714512,0.9962958166812629,-0.370418331873712,BC_network_x_prior_citation,All→CS,1993,13250
MW,644.0,606.2612530022197,1.0622483241521656,6.2248324152165635,BC_network_x_prior_citation,All→CS,1993,13250
WM,690.0,629.4665145512722,1.0961663314082406,9.61663314082406,BC_network_x_prior_citation,All→CS,1993,13250
WW,441.0,496.6086953013904,0.8880231139174041,-11.197688608259593,BC_network_x_prior_citation,All→CS,1993,13250
MM,13850.0,13770.04871113475,1.005806173278138,0.5806173278138038,BC_network_weight_only,All→CS,1994,16248
MW,882.0,865.5461654809837,1.0190097711424473,1.9009771142447285,BC_network_weight_only,All→CS,1994,16248
WM,943.0,940.7957379721615,1.0023429762050045,0.23429762050044545,BC_network_weight_only,All→CS,1994,16248
WW,573.0,671.6093854121046,0.8531744976261801,-14.682550237381985,BC_network_weight_only,All→CS,1994,16248
MM,13850.0,13851.550246516985,0.9998880813707206,-0.0111918629279395,BC_network_x_prior_citation,All→CS,1994,16248
MW,882.0,833.3993851794961,1.0583161155200953,5.83161155200953,BC_network_x_prior_citation,All→CS,1994,16248
WM,943.0,946.5509085938331,0.9962485814956237,-0.3751418504376325,BC_network_x_prior_citation,All→CS,1994,16248
WW,573.0,616.4994597096834,0.9294412038411716,-7.0558796158828425,BC_network_x_prior_citation,All→CS,1994,16248
MM,15038.0,14852.763157060595,1.012471540883041,1.2471540883040921,BC_network_weight_only,All→CS,1995,17409
MW,875.0,928.9844832398494,0.941888713736555,-5.811128626344497,BC_network_weight_only,All→CS,1995,17409
WM,955.0,995.3384220354772,0.9594726565935386,-4.052734340646136,BC_network_weight_only,All→CS,1995,17409
WW,541.0,631.9139376640776,0.8561292412695493,-14.387075873045074,BC_network_weight_only,All→CS,1995,17409
MM,15038.0,14941.435253181908,1.0064628829280324,0.6462882928032432,BC_network_x_prior_citation,All→CS,1995,17409
MW,875.0,905.5702539013503,0.9662419853460862,-3.3758014653913815,BC_network_x_prior_citation,All→CS,1995,17409
WM,955.0,987.1933486961444,0.967389013774592,-3.2610986225408034,BC_network_x_prior_citation,All→CS,1995,17409
WW,541.0,574.8011442205992,0.9411950644836802,-5.880493551631982,BC_network_x_prior_citation,All→CS,1995,17409
MM,17099.0,16849.128503511347,1.0148299359481163,1.4829935948116324,BC_network_weight_only,All→CS,1996,19744
MW,1013.0,1029.9573014755645,0.9835359179926482,-1.6464082007351832,BC_network_weight_only,All→CS,1996,19744
WM,1016.0,1133.5276150636832,0.8963169370539946,-10.368306294600538,BC_network_weight_only,All→CS,1996,19744
WW,616.0,731.3865799494067,0.8422358529501751,-15.77641470498249,BC_network_weight_only,All→CS,1996,19744
MM,17099.0,16966.396063330198,1.0078156808419911,0.7815680841991135,BC_network_x_prior_citation,All→CS,1996,19744
MW,1013.0,987.5680479982324,1.025752100883901,2.575210088390101,BC_network_x_prior_citation,All→CS,1996,19744
WM,1016.0,1119.8346100291424,0.9072768343653531,-9.272316563464688,BC_network_x_prior_citation,All→CS,1996,19744
WW,616.0,670.2012786424259,0.9191268647648402,-8.087313523515983,BC_network_x_prior_citation,All→CS,1996,19744
MM,17413.0,17240.689415261542,1.0099944138304544,0.9994413830454407,BC_network_weight_only,All→CS,1997,20240
MW,1095.0,1075.8937928341536,1.0177584509670943,1.7758450967094275,BC_network_weight_only,All→CS,1997,20240
WM,1076.0,1195.4477413725192,0.900081168554153,-9.991883144584701,BC_network_weight_only,All→CS,1997,20240
WW,656.0,727.9690505317856,0.9011372111503755,-9.88627888496245,BC_network_weight_only,All→CS,1997,20240
MM,17413.0,17381.03581733074,1.0018390263391201,0.18390263391201422,BC_network_x_prior_citation,All→CS,1997,20240
MW,1095.0,1051.232733486247,1.041634231050441,4.163423105044095,BC_network_x_prior_citation,All→CS,1997,20240
WM,1076.0,1154.0120383593958,0.9323992854785971,-6.760071452140293,BC_network_x_prior_citation,All→CS,1997,20240
WW,656.0,653.7194108236187,1.0034886361619706,0.3488636161970593,BC_network_x_prior_citation,All→CS,1997,20240
MM,18364.0,18233.274007721415,1.0071696389920552,0.716963899205525,BC_network_weight_only,All→CS,1998,21588
MW,1282.0,1254.715514529681,1.0217455551910875,2.174555519108745,BC_network_weight_only,All→CS,1998,21588
WM,1224.0,1310.9957371491776,0.9336414797668573,-6.63585202331427,BC_network_weight_only,All→CS,1998,21588
WW,718.0,789.0147405997284,0.9099956731533935,-9.000432684660653,BC_network_weight_only,All→CS,1998,21588
MM,18364.0,18341.752334109664,1.0012129520388824,0.12129520388823867,BC_network_x_prior_citation,All→CS,1998,21588
MW,1282.0,1217.2084412445704,1.0532296331178754,5.322963311787543,BC_network_x_prior_citation,All→CS,1998,21588
WM,1224.0,1285.7145104792135,0.951999833574087,-4.800016642591299,BC_network_x_prior_citation,All→CS,1998,21588
WW,718.0,743.3247141665516,0.965930482756857,-3.4069517243143,BC_network_x_prior_citation,All→CS,1998,21588
MM,20876.0,20769.668600831417,1.0051195520358147,0.5119552035814712,BC_network_weight_only,All→CS,1999,24600
MW,1534.0,1512.1333352813954,1.0144608046184864,1.4460804618486423,BC_network_weight_only,All→CS,1999,24600
WM,1352.0,1494.9235833223413,0.9043940540394007,-9.560594596059936,BC_network_weight_only,All→CS,1999,24600
WW,838.0,823.2744805648471,1.0178865248259,1.7886524825899919,BC_network_weight_only,All→CS,1999,24600
MM,20876.0,20881.406459827533,0.9997410873717758,-0.025891262822419492,BC_network_x_prior_citation,All→CS,1999,24600
MW,1534.0,1492.9589791877777,1.027489717657581,2.7489717657581014,BC_network_x_prior_citation,All→CS,1999,24600
WM,1352.0,1440.3184766214147,0.9386812860801556,-6.131871391984445,BC_network_x_prior_citation,All→CS,1999,24600
WW,838.0,785.3160843632743,1.0670862556946625,6.708625569466253,BC_network_x_prior_citation,All→CS,1999,24600
MM,21485.0,21350.782540746513,1.0062863016377663,0.6286301637766334,BC_network_weight_only,All→CS,2000,25401
MW,1545.0,1507.8468278500977,1.0246398848103662,2.4639884810366164,BC_network_weight_only,All→CS,2000,25401
WM,1474.0,1615.0817607679278,0.9126472948955555,-8.735270510444447,BC_network_weight_only,All→CS,2000,25401
WW,897.0,927.2888706354589,0.967336100330092,-3.2663899669908014,BC_network_weight_only,All→CS,2000,25401
MM,21485.0,21481.97533519098,1.0001408001248409,0.014080012484085636,BC_network_x_prior_citation,All→CS,2000,25401
MW,1545.0,1465.7359806322129,1.0540779652100771,5.407796521007713,BC_network_x_prior_citation,All→CS,2000,25401
WM,1474.0,1555.7060469591988,0.9474797651401418,-5.2520234859858235,BC_network_x_prior_citation,All→CS,2000,25401
WW,897.0,897.5826372176101,0.9993508818091489,-0.06491181908511168,BC_network_x_prior_citation,All→CS,2000,25401
MM,23437.0,23118.314633091373,1.013784974033205,1.3784974033205,BC_network_weight_only,All→CS,2001,27409
MW,1567.0,1580.3391307720844,0.9915593238740045,-0.8440676125995528,BC_network_weight_only,All→CS,2001,27409
WM,1517.0,1805.9176121229855,0.8400161722863192,-15.99838277136808,BC_network_weight_only,All→CS,2001,27409
WW,888.0,904.4286240135579,0.981835355961366,-1.8164644038634048,BC_network_weight_only,All→CS,2001,27409
MM,23437.0,23239.215464231012,1.0085108095010096,0.8510809501009575,BC_network_x_prior_citation,All→CS,2001,27409
MW,1567.0,1558.8400396163902,1.0052346361244466,0.5234636124446634,BC_network_x_prior_citation,All→CS,2001,27409
WM,1517.0,1741.8852677859538,0.8708954763296223,-12.910452367037772,BC_network_x_prior_citation,All→CS,2001,27409
WW,888.0,869.059228366644,1.0217945693631887,2.1794569363188687,BC_network_x_prior_citation,All→CS,2001,27409
MM,27141.0,26694.89908661468,1.0167110919557287,1.671109195572873,BC_network_weight_only,All→CS,2002,31997
MW,1995.0,1957.5307966817413,1.0191410543230144,1.9141054323014384,BC_network_weight_only,All→CS,2002,31997
WM,1841.0,2243.187971736508,0.8207069684734604,-17.929303152653965,BC_network_weight_only,All→CS,2002,31997
WW,1020.0,1101.3821449670697,0.9261090754567272,-7.389092454327284,BC_network_weight_only,All→CS,2002,31997
MM,27141.0,26875.304709393284,1.0098862243044207,0.9886224304420654,BC_network_x_prior_citation,All→CS,2002,31997
MW,1995.0,1933.6344597634697,1.0317358536545924,3.1735853654592416,BC_network_x_prior_citation,All→CS,2002,31997
WM,1841.0,2132.9563332548937,0.8631212797453908,-13.687872025460923,BC_network_x_prior_citation,All→CS,2002,31997
WW,1020.0,1055.1044975883492,0.9667288902013141,-3.327110979868586,BC_network_x_prior_citation,All→CS,2002,31997
MM,33760.0,33178.975249709765,1.0175118353088772,1.7511835308877233,BC_network_weight_only,All→CS,2003,40046
MW,2674.0,2620.3240567009616,1.0204844676221525,2.0484467622152502,BC_network_weight_only,All→CS,2003,40046
WM,2377.0,2900.926717104982,0.8193933290297517,-18.06066709702483,BC_network_weight_only,All→CS,2003,40046
WW,1235.0,1345.7739764842904,0.9176875326615564,-8.231246733844355,BC_network_weight_only,All→CS,2003,40046
MM,33760.0,33438.42568718246,1.0096169094749219,0.9616909474921886,BC_network_x_prior_citation,All→CS,2003,40046
MW,2674.0,2600.8814916570814,1.028112971920275,2.8112971920275065,BC_network_x_prior_citation,All→CS,2003,40046
WM,2377.0,2723.1079016818658,0.8728996741303934,-12.710032586960661,BC_network_x_prior_citation,All→CS,2003,40046
WW,1235.0,1283.5849194785878,0.9621490415310241,-3.7850958468975904,BC_network_x_prior_citation,All→CS,2003,40046
MM,46475.0,45537.43906669808,1.0205887935843008,2.058879358430077,BC_network_weight_only,All→CS,2004,55495
MW,3640.0,3873.038077452742,0.9398306774184857,-6.016932258151431,BC_network_weight_only,All→CS,2004,55495
WM,3698.0,4258.3534896842175,0.8684107622719289,-13.158923772807107,BC_network_weight_only,All→CS,2004,55495
WW,1682.0,1826.1693661649563,0.9210536717808826,-7.89463282191174,BC_network_weight_only,All→CS,2004,55495
MM,46475.0,45920.8219839787,1.0120681205622724,1.2068120562272355,BC_network_x_prior_citation,All→CS,2004,55495
MW,3640.0,3885.0760409715717,0.9369185986613833,-6.308140133861673,BC_network_x_prior_citation,All→CS,2004,55495
WM,3698.0,3947.5734255118987,0.9367780156034626,-6.322198439653737,BC_network_x_prior_citation,All→CS,2004,55495
WW,1682.0,1741.528549537832,0.9658182178215626,-3.418178217843737,BC_network_x_prior_citation,All→CS,2004,55495
MM,54308.0,53513.40168986189,1.014848585308466,1.484858530846589,BC_network_weight_only,All→CS,2005,65820
MW,4849.0,5003.685196450424,0.9690857457299359,-3.091425427006411,BC_network_weight_only,All→CS,2005,65820
WM,4726.0,5241.889789354368,0.9015832438136955,-9.841675618630452,BC_network_weight_only,All→CS,2005,65820
WW,1937.0,2061.0233243333214,0.9398243955470813,-6.01756044529187,BC_network_weight_only,All→CS,2005,65820
MM,54308.0,53889.5647082684,1.0077646812327545,0.7764681232754533,BC_network_x_prior_citation,All→CS,2005,65820
MW,4849.0,5025.461047502882,0.9648865953123715,-3.511340468762847,BC_network_x_prior_citation,All→CS,2005,65820
WM,4726.0,4952.507250697249,0.9542641253750088,-4.573587462499118,BC_network_x_prior_citation,All→CS,2005,65820
WW,1937.0,1952.4669935314614,0.9920782304731892,-0.7921769526810785,BC_network_x_prior_citation,All→CS,2005,65820
MM,71248.0,69970.04999523232,1.0182642431276634,1.8264243127663393,BC_network_weight_only,All→CS,2006,86732
MW,6448.0,6761.018989892285,0.9537023945117965,-4.62976054882035,BC_network_weight_only,All→CS,2006,86732
WM,6609.0,7406.407365816541,0.892335470298746,-10.766452970125396,BC_network_weight_only,All→CS,2006,86732
WW,2427.0,2594.5236490588695,0.9354318280661513,-6.456817193384867,BC_network_weight_only,All→CS,2006,86732
MM,71248.0,70457.74208944818,1.01121605500143,1.121605500142997,BC_network_x_prior_citation,All→CS,2006,86732
MW,6448.0,6905.9569303345925,0.9336866802161762,-6.6313319783823825,BC_network_x_prior_citation,All→CS,2006,86732
WM,6609.0,6918.473139046965,0.9552685783658913,-4.47314216341087,BC_network_x_prior_citation,All→CS,2006,86732
WW,2427.0,2449.827841170272,0.9906818590324423,-0.9318140967557675,BC_network_x_prior_citation,All→CS,2006,86732
MM,81741.0,80337.55305354891,1.0174693763141582,1.7469376314158236,BC_network_weight_only,All→CS,2007,100325
MW,7839.0,8078.346409477947,0.9703718561515098,-2.962814384849022,BC_network_weight_only,All→CS,2007,100325
WM,8023.0,8831.220021627823,0.908481498632298,-9.1518501367702,BC_network_weight_only,All→CS,2007,100325
WW,2722.0,3077.8805153453204,0.8843748113121952,-11.56251886878048,BC_network_weight_only,All→CS,2007,100325
MM,81741.0,80894.42012606932,1.0104652443593924,1.0465244359392445,BC_network_x_prior_citation,All→CS,2007,100325
MW,7839.0,8358.372233272434,0.937862035958993,-6.213796404100702,BC_network_x_prior_citation,All→CS,2007,100325
WM,8023.0,8190.502882543563,0.9795491333138332,-2.04508666861668,BC_network_x_prior_citation,All→CS,2007,100325
WW,2722.0,2881.704758114685,0.9445797638828312,-5.542023611716884,BC_network_x_prior_citation,All→CS,2007,100325
MM,89866.0,88469.2811036219,1.015787614400779,1.5787614400778915,BC_network_weight_only,All→CS,2008,111231
MW,8629.0,9035.923617892984,0.9549660184059998,-4.503398159400018,BC_network_weight_only,All→CS,2008,111231
WM,9868.0,10395.95090408617,0.9492157178350412,-5.078428216495878,BC_network_weight_only,All→CS,2008,111231
WW,2868.0,3329.844374398937,0.8613015136834125,-13.869848631658755,BC_network_weight_only,All→CS,2008,111231
MM,89866.0,89164.35071795873,1.0078691682986702,0.7869168298670237,BC_network_x_prior_citation,All→CS,2008,111231
MW,8629.0,9223.397897492343,0.9355554315125071,-6.444456848749292,BC_network_x_prior_citation,All→CS,2008,111231
WM,9868.0,9783.041953091268,1.0086842157394498,0.8684215739449774,BC_network_x_prior_citation,All→CS,2008,111231
WW,2868.0,3060.2094314576398,0.9371907590762223,-6.280924092377771,BC_network_x_prior_citation,All→CS,2008,111231
MM,96074.0,94369.3289789874,1.0180638247559455,1.806382475594548,BC_network_weight_only,All→CS,2009,119389
MW,9350.0,9862.777386010644,0.9480088249038281,-5.19911750961719,BC_network_weight_only,All→CS,2009,119389
WM,10913.0,11589.023323120222,0.9416669287590829,-5.833307124091713,BC_network_weight_only,All→CS,2009,119389
WW,3052.0,3567.870311881741,0.8554122580734543,-14.458774192654566,BC_network_weight_only,All→CS,2009,119389
MM,96074.0,95033.32823440219,1.0109505979105664,1.0950597910566406,BC_network_x_prior_citation,All→CS,2009,119389
MW,9350.0,10081.921982670672,0.9274025345634753,-7.259746543652468,BC_network_x_prior_citation,All→CS,2009,119389
WM,10913.0,10960.918547170348,0.9956282361770932,-0.4371763822906827,BC_network_x_prior_citation,All→CS,2009,119389
WW,3052.0,3312.8312357567943,0.9212663678905427,-7.873363210945728,BC_network_x_prior_citation,All→CS,2009,119389
MM,103585.0,102265.2321355278,1.0129053426752426,1.290534267524257,BC_network_weight_only,All→CS,2010,129779
MW,10512.0,10784.98038516692,0.9746888380490369,-2.5311161950963057,BC_network_weight_only,All→CS,2010,129779
WM,12468.0,12852.884161286907,0.9700546463768666,-2.994535362313344,BC_network_weight_only,All→CS,2010,129779
WW,3214.0,3875.903318018391,0.8292260503657769,-17.07739496342231,BC_network_weight_only,All→CS,2010,129779
MM,103585.0,102897.97432759778,1.0066767657662037,0.6676765766203685,BC_network_x_prior_citation,All→CS,2010,129779
MW,10512.0,11011.236376616465,0.9546611879410157,-4.533881205898426,BC_network_x_prior_citation,All→CS,2010,129779
WM,12468.0,12305.364362690938,1.0132166454007785,1.3216645400778493,BC_network_x_prior_citation,All→CS,2010,129779
WW,3214.0,3564.4249330948196,0.9016882275058707,-9.831177249412926,BC_network_x_prior_citation,All→CS,2010,129779
MM,110266.0,108428.4050562106,1.0169475419548666,1.6947541954866585,BC_network_weight_only,All→CS,2011,138101
MW,10995.0,11519.73007036563,0.9544494474123582,-4.555055258764185,BC_network_weight_only,All→CS,2011,138101
WM,13515.0,14087.357626148689,0.9593708315400264,-4.062916845997355,BC_network_weight_only,All→CS,2011,138101
WW,3325.0,4065.5072472750835,0.8178561241598056,-18.21438758401944,BC_network_weight_only,All→CS,2011,138101
MM,110266.0,109195.75342392454,1.0098011739698383,0.9801173969838262,BC_network_x_prior_citation,All→CS,2011,138101
MW,10995.0,11678.269055315515,0.9414922663556449,-5.850773364435513,BC_network_x_prior_citation,All→CS,2011,138101
WM,13515.0,13542.871722842858,0.9979419636091033,-0.20580363908967447,BC_network_x_prior_citation,All→CS,2011,138101
WW,3325.0,3684.105797917088,0.9025256554466708,-9.747434455332915,BC_network_x_prior_citation,All→CS,2011,138101
MM,114813.0,112750.13927914093,1.0182958596241902,1.8295859624190225,BC_network_weight_only,All→CS,2012,145030
MW,11750.0,12371.76508571409,0.949743219224874,-5.025678077512596,BC_network_weight_only,All→CS,2012,145030
WM,14766.0,15354.013138333221,0.9617029676192492,-3.8297032380750773,BC_network_weight_only,All→CS,2012,145030
WW,3701.0,4554.082496811762,0.8126774169310742,-18.73225830689258,BC_network_weight_only,All→CS,2012,145030
MM,114813.0,113682.76837394388,1.0099419783861912,0.9941978386191153,BC_network_x_prior_citation,All→CS,2012,145030
MW,11750.0,12390.979671162479,0.9482704605952804,-5.172953940471958,BC_network_x_prior_citation,All→CS,2012,145030
WM,14766.0,14797.384531246667,0.9978790487480815,-0.2120951251918468,BC_network_x_prior_citation,All→CS,2012,145030
WW,3701.0,4158.867423646986,0.889905741874918,-11.0094258125082,BC_network_x_prior_citation,All→CS,2012,145030
MM,129382.0,127114.32898971462,1.0178396175184063,1.7839617518406348,BC_network_weight_only,All→CS,2013,163775
MW,13519.0,14121.383078836618,0.9573424872426699,-4.26575127573301,BC_network_weight_only,All→CS,2013,163775
WM,16797.0,17415.734433573492,0.9644726763643848,-3.552732363561517,BC_network_weight_only,All→CS,2013,163775
WW,4077.0,5123.553497875257,0.7957367873080151,-20.42632126919849,BC_network_weight_only,All→CS,2013,163775
MM,129382.0,128269.31981271197,1.0086745621549462,0.8674562154946219,BC_network_x_prior_citation,All→CS,2013,163775
MW,13519.0,14058.569465714347,0.9616198883513551,-3.8380111648644855,BC_network_x_prior_citation,All→CS,2013,163775
WM,16797.0,16749.43261728712,1.0028399399430274,0.28399399430274475,BC_network_x_prior_citation,All→CS,2013,163775
WW,4077.0,4697.678104286555,0.8678755567095591,-13.212444329044093,BC_network_x_prior_citation,All→CS,2013,163775
MM,136647.0,134052.43294878132,1.0193548673018864,1.9354867301886403,BC_network_weight_only,All→CS,2014,173983
MW,14488.0,15058.560555652995,0.9621105514338948,-3.788944856610521,BC_network_weight_only,All→CS,2014,173983
WM,18330.0,19345.26110488496,0.947518873000448,-5.248112699955199,BC_network_weight_only,All→CS,2014,173983
WW,4518.0,5526.745390680717,0.8174793084585227,-18.252069154147733,BC_network_weight_only,All→CS,2014,173983
MM,136647.0,135506.7373470623,1.008414804129017,0.8414804129017073,BC_network_x_prior_citation,All→CS,2014,173983
MW,14488.0,14906.843049398582,0.9719026323675233,-2.809736763247672,BC_network_x_prior_citation,All→CS,2014,173983
WM,18330.0,18481.05533195179,0.9918264769387585,-0.8173523061241528,BC_network_x_prior_citation,All→CS,2014,173983
WW,4518.0,5088.364271587345,0.8879081289890796,-11.209187101092045,BC_network_x_prior_citation,All→CS,2014,173983
MM,146767.0,143411.19308126852,1.0233998954100452,2.339989541004517,BC_network_weight_only,All→CS,2015,186666
MW,15220.0,16455.17863373431,0.9249367836577534,-7.506321634224655,BC_network_weight_only,All→CS,2015,186666
WM,19936.0,20862.4139421222,0.9555941155854585,-4.440588441454151,BC_network_weight_only,All→CS,2015,186666
WW,4743.0,5937.214342874975,0.7988594862996472,-20.11405137003528,BC_network_weight_only,All→CS,2015,186666
MM,146767.0,145231.58573373815,1.0105721786242616,1.057217862426163,BC_network_x_prior_citation,All→CS,2015,186666
MW,15220.0,16237.965930620943,0.9373095167849009,-6.269048321509906,BC_network_x_prior_citation,All→CS,2015,186666
WM,19936.0,19781.497522480884,1.0078104540540234,0.7810454054023364,BC_network_x_prior_citation,All→CS,2015,186666
WW,4743.0,5414.950813160047,0.8759082332701909,-12.409176672980916,BC_network_x_prior_citation,All→CS,2015,186666
MM,151480.0,147359.3944526791,1.0279629647137574,2.7962964713757366,BC_network_weight_only,All→CS,2016,192804
MW,15954.0,17026.029715298257,0.9370358367027273,-6.296416329727272,BC_network_weight_only,All→CS,2016,192804
WM,20501.0,22244.046505862596,0.9216398641585648,-7.83601358414352,BC_network_weight_only,All→CS,2016,192804
WW,4869.0,6174.529326160063,0.7885621304560276,-21.143786954397235,BC_network_weight_only,All→CS,2016,192804
MM,151480.0,149575.63646749168,1.0127317762269539,1.2731776226953873,BC_network_x_prior_citation,All→CS,2016,192804
MW,15954.0,16657.945279809428,0.957741169875095,-4.2258830124904945,BC_network_x_prior_citation,All→CS,2016,192804
WM,20501.0,20963.31575028682,0.9779464395902879,-2.205356040971207,BC_network_x_prior_citation,All→CS,2016,192804
WW,4869.0,5607.10250241207,0.868362937525299,-13.163706247470097,BC_network_x_prior_citation,All→CS,2016,192804
MM,156687.0,151700.532754251,1.032870466274676,3.2870466274675936,BC_network_weight_only,All→CS,2017,198806
MW,16300.0,17381.735513466905,0.9377659663139618,-6.223403368603819,BC_network_weight_only,All→CS,2017,198806
WM,20952.0,23468.337118888645,0.8927773575886059,-10.722264241139412,BC_network_weight_only,All→CS,2017,198806
WW,4867.0,6255.39461339346,0.778048436717204,-22.195156328279598,BC_network_weight_only,All→CS,2017,198806
MM,156687.0,154239.6368176345,1.015867277911573,1.5867277911572941,BC_network_x_prior_citation,All→CS,2017,198806
MW,16300.0,16943.377158049665,0.9620278087391804,-3.797219126081963,BC_network_x_prior_citation,All→CS,2017,198806
WM,20952.0,22031.039803074353,0.9510218395173624,-4.897816048263759,BC_network_x_prior_citation,All→CS,2017,198806
WW,4867.0,5591.946221241455,0.8703588710335431,-12.964112896645686,BC_network_x_prior_citation,All→CS,2017,198806
MM,170928.0,164624.2810509365,1.0382915503643906,3.829155036439058,BC_network_weight_only,All→CS,2018,216889
MW,17832.0,19155.98776045173,0.9308838689495743,-6.911613105042569,BC_network_weight_only,All→CS,2018,216889
WM,22754.0,26327.761768462835,0.8642588078739102,-13.57411921260898,BC_network_weight_only,All→CS,2018,216889
WW,5375.0,6780.969420148977,0.792659525056804,-20.734047494319597,BC_network_weight_only,All→CS,2018,216889
MM,170928.0,167595.96367306978,1.0198813638103483,1.988136381034833,BC_network_x_prior_citation,All→CS,2018,216889
MW,17832.0,18624.334742408388,0.9574570177476348,-4.25429822523652,BC_network_x_prior_citation,All→CS,2018,216889
WM,22754.0,24594.88375340198,0.9251517603474199,-7.484823965258014,BC_network_x_prior_citation,All→CS,2018,216889
WW,5375.0,6073.817831119872,0.8849458692127048,-11.505413078729521,BC_network_x_prior_citation,All→CS,2018,216889
MM,193708.0,185681.47528664372,1.0432273855050183,4.322738550501826,BC_network_weight_only,All→CS,2019,245423
MW,19790.0,21589.866854347412,0.9166337214356195,-8.33662785643805,BC_network_weight_only,All→CS,2019,245423
WM,25909.0,30530.15652272419,0.8486363304660893,-15.136366953391068,BC_network_weight_only,All→CS,2019,245423
WW,6016.0,7621.5013362846885,0.7893457908822812,-21.06542091177188,BC_network_weight_only,All→CS,2019,245423
MM,193708.0,189475.04368273108,1.0223404424930855,2.2340442493085533,BC_network_x_prior_citation,All→CS,2019,245423
MW,19790.0,21146.869880970364,0.9358358996575951,-6.416410034240494,BC_network_x_prior_citation,All→CS,2019,245423
WM,25909.0,28021.450708181288,0.9246130855186407,-7.538691448135926,BC_network_x_prior_citation,All→CS,2019,245423
WW,6016.0,6779.635728117315,0.8873633099562749,-11.263669004372511,BC_network_x_prior_citation,All→CS,2019,245423
MM,197842.0,188992.40718919135,1.0468251235191144,4.682512351911439,BC_network_weight_only,All→CS,2020,251186
MW,20139.0,22392.00817598697,0.8993833800756164,-10.061661992438363,BC_network_weight_only,All→CS,2020,251186
WM,26760.0,31890.14007795351,0.8391308390175397,-16.08691609824603,BC_network_weight_only,All→CS,2020,251186
WW,6445.0,7911.444556868192,0.8146426298854459,-18.53573701145541,BC_network_weight_only,All→CS,2020,251186
MM,197842.0,194049.21242666873,1.0195454932586472,1.9545493258647184,BC_network_x_prior_citation,All→CS,2020,251186
MW,20139.0,21577.654042209924,0.9333266702953135,-6.667332970468653,BC_network_x_prior_citation,All→CS,2020,251186
WM,26760.0,28632.06103242953,0.9346166163061339,-6.53833836938661,BC_network_x_prior_citation,All→CS,2020,251186
WW,6445.0,6927.072498691795,0.9304074702866418,-6.959252971335816,BC_network_x_prior_citation,All→CS,2020,251186
MM,213816.0,203314.8433217002,1.0516497295855771,5.164972958557712,BC_network_weight_only,All→CS,2021,271986
MW,21460.0,24368.93838089152,0.8806292528864321,-11.937074711356788,BC_network_weight_only,All→CS,2021,271986
WM,29437.0,35368.07996999813,0.832304157448487,-16.769584255151305,BC_network_weight_only,All→CS,2021,271986
WW,7273.0,8934.138327410186,0.8140684342983847,-18.59315657016153,BC_network_weight_only,All→CS,2021,271986
MM,213816.0,209449.3560110503,1.0208482091905755,2.0848209190575506,BC_network_x_prior_citation,All→CS,2021,271986
MW,21460.0,23140.40500288445,0.9273822129441992,-7.261778705580079,BC_network_x_prior_citation,All→CS,2021,271986
WM,29437.0,31479.65603816265,0.9351118692120921,-6.488813078790789,BC_network_x_prior_citation,All→CS,2021,271986
WW,7273.0,7916.582947902604,0.9187044521433185,-8.129554785668148,BC_network_x_prior_citation,All→CS,2021,271986
MM,192784.0,183080.9557878653,1.0529986539035636,5.299865390356362,BC_network_weight_only,All→CS,2022,247697
MW,20008.0,22406.533039160655,0.8929538525675231,-10.704614743247687,BC_network_weight_only,All→CS,2022,247697
WM,27827.0,33716.914395728345,0.8253127695316465,-17.468723046835354,BC_network_weight_only,All→CS,2022,247697
WW,7078.0,8492.596777245692,0.8334317742441468,-16.656822575585316,BC_network_weight_only,All→CS,2022,247697
MM,192784.0,188772.80684754255,1.0212487869383484,2.124878693834842,BC_network_x_prior_citation,All→CS,2022,247697
MW,20008.0,21255.930059251354,0.941290263198424,-5.870973680157599,BC_network_x_prior_citation,All→CS,2022,247697
WM,27827.0,30171.123314432185,0.9223057328690547,-7.769426713094529,BC_network_x_prior_citation,All→CS,2022,247697
WW,7078.0,7497.139778773905,0.9440933754549189,-5.590662454508111,BC_network_x_prior_citation,All→CS,2022,247697
MM,208113.0,196871.0947508083,1.0571028736515193,5.710287365151934,BC_network_weight_only,All→CS,2023,269268
MW,21815.0,24882.86880820399,0.8767075922052645,-12.32924077947355,BC_network_weight_only,All→CS,2023,269268
WM,31302.0,37819.458159861555,0.8276691820302533,-17.23308179697467,BC_network_weight_only,All→CS,2023,269268
WW,8038.0,9694.578281126172,0.8291232240239608,-17.08767759760392,BC_network_weight_only,All→CS,2023,269268
MM,208113.0,203351.40343505435,1.0234156070944767,2.3415607094476654,BC_network_x_prior_citation,All→CS,2023,269268
MW,21815.0,23312.037902859895,0.9357826240203462,-6.421737597965382,BC_network_x_prior_citation,All→CS,2023,269268
WM,31302.0,33948.284418756244,0.9220495390543451,-7.795046094565494,BC_network_x_prior_citation,All→CS,2023,269268
WW,8038.0,8656.27424332951,0.9285750166931288,-7.142498330687119,BC_network_x_prior_citation,All→CS,2023,269268
MM,80474.0,76098.31924217979,1.0575003600788446,5.750036007884463,BC_network_weight_only,All→CS,2024,105084
MW,8507.0,9970.656627865279,0.8532035870361079,-14.679641296389212,BC_network_weight_only,All→CS,2024,105084
WM,12748.0,15035.249343875965,0.8478741993854868,-15.21258006145132,BC_network_weight_only,All→CS,2024,105084
WW,3355.0,3979.774786078975,0.8430125271750548,-15.69874728249452,BC_network_weight_only,All→CS,2024,105084
MM,80474.0,78511.04385995316,1.0250022932257572,2.50022932257572,BC_network_x_prior_citation,All→CS,2024,105084
MW,8507.0,9407.64075300366,0.9042649717766801,-9.573502822331992,BC_network_x_prior_citation,All→CS,2024,105084
WM,12748.0,13594.881825287068,0.937705833991743,-6.229416600825699,BC_network_x_prior_citation,All→CS,2024,105084
WW,3355.0,3570.4335617561023,0.9396617923202183,-6.03382076797817,BC_network_x_prior_citation,All→CS,2024,105084
MM,1.0,1.0,1.0,0.0,BC_network_weight_only,CS→CS,1962,1
MW,0.0,0.0,,,BC_network_weight_only,CS→CS,1962,1
WM,0.0,0.0,,,BC_network_weight_only,CS→CS,1962,1
WW,0.0,0.0,,,BC_network_weight_only,CS→CS,1962,1
MM,1.0,1.0,1.0,0.0,BC_network_x_prior_citation,CS→CS,1962,1
MW,0.0,0.0,,,BC_network_x_prior_citation,CS→CS,1962,1
WM,0.0,0.0,,,BC_network_x_prior_citation,CS→CS,1962,1
WW,0.0,0.0,,,BC_network_x_prior_citation,CS→CS,1962,1
MM,3.0,3.0,1.0,0.0,BC_network_weight_only,CS→CS,1963,3
MW,0.0,0.0,,,BC_network_weight_only,CS→CS,1963,3
WM,0.0,0.0,,,BC_network_weight_only,CS→CS,1963,3
WW,0.0,0.0,,,BC_network_weight_only,CS→CS,1963,3
MM,3.0,3.0,1.0,0.0,BC_network_x_prior_citation,CS→CS,1963,3
MW,0.0,0.0,,,BC_network_x_prior_citation,CS→CS,1963,3
WM,0.0,0.0,,,BC_network_x_prior_citation,CS→CS,1963,3
WW,0.0,0.0,,,BC_network_x_prior_citation,CS→CS,1963,3
MM,9.0,8.6,1.0465116279069768,4.651162790697683,BC_network_weight_only,CS→CS,1964,9
MW,0.0,0.0,,,BC_network_weight_only,CS→CS,1964,9
WM,0.0,0.0,,,BC_network_weight_only,CS→CS,1964,9
WW,0.0,0.4,0.0,-100.0,BC_network_weight_only,CS→CS,1964,9
MM,9.0,8.6,1.0465116279069768,4.651162790697683,BC_network_x_prior_citation,CS→CS,1964,9
MW,0.0,0.0,,,BC_network_x_prior_citation,CS→CS,1964,9
WM,0.0,0.0,,,BC_network_x_prior_citation,CS→CS,1964,9
WW,0.0,0.4,0.0,-100.0,BC_network_x_prior_citation,CS→CS,1964,9
MM,18.0,17.42063492063492,1.033257403189066,3.3257403189066004,BC_network_weight_only,CS→CS,1965,19
MW,0.0,0.0,,,BC_network_weight_only,CS→CS,1965,19
WM,0.0,0.0,,,BC_network_weight_only,CS→CS,1965,19
WW,1.0,1.5793650793650795,0.6331658291457286,-36.68341708542714,BC_network_weight_only,CS→CS,1965,19
MM,18.0,17.583333333333336,1.0236966824644549,2.369668246445489,BC_network_x_prior_citation,CS→CS,1965,19
MW,0.0,0.0,,,BC_network_x_prior_citation,CS→CS,1965,19
WM,0.0,0.0,,,BC_network_x_prior_citation,CS→CS,1965,19
WW,1.0,1.4166666666666667,0.7058823529411764,-29.41176470588236,BC_network_x_prior_citation,CS→CS,1965,19
MM,21.0,20.242857142857144,1.0374029640084685,3.740296400846854,BC_network_weight_only,CS→CS,1966,23
MW,0.0,0.0,,,BC_network_weight_only,CS→CS,1966,23
WM,0.0,0.0,,,BC_network_weight_only,CS→CS,1966,23
WW,2.0,2.757142857142857,0.7253886010362695,-27.461139896373055,BC_network_weight_only,CS→CS,1966,23
MM,21.0,20.496894409937887,1.0245454545454546,2.454545454545465,BC_network_x_prior_citation,CS→CS,1966,23
MW,0.0,0.0,,,BC_network_x_prior_citation,CS→CS,1966,23
WM,0.0,0.0,,,BC_network_x_prior_citation,CS→CS,1966,23
WW,2.0,2.5031055900621118,0.7990074441687345,-20.099255583126553,BC_network_x_prior_citation,CS→CS,1966,23
MM,35.0,33.86349206349206,1.03356145120465,3.356145120465004,BC_network_weight_only,CS→CS,1967,36
MW,0.0,0.0,,,BC_network_weight_only,CS→CS,1967,36
WM,0.0,0.0,,,BC_network_weight_only,CS→CS,1967,36
WW,1.0,2.136507936507937,0.46805349182763734,-53.194650817236266,BC_network_weight_only,CS→CS,1967,36
MM,35.0,34.419061302681996,1.0168784003784768,1.6878400378476766,BC_network_x_prior_citation,CS→CS,1967,36
MW,0.0,0.0,,,BC_network_x_prior_citation,CS→CS,1967,36
WM,0.0,0.0,,,BC_network_x_prior_citation,CS→CS,1967,36
WW,1.0,1.5809386973180077,0.6325355952741594,-36.74644047258406,BC_network_x_prior_citation,CS→CS,1967,36
MM,52.0,51.647619047619045,1.0068227918126498,0.6822791812649776,BC_network_weight_only,CS→CS,1968,59
MW,0.0,0.0,,,BC_network_weight_only,CS→CS,1968,59
WM,0.0,0.0,,,BC_network_weight_only,CS→CS,1968,59
WW,7.0,7.352380952380952,0.9520725388601037,-4.792746113989632,BC_network_weight_only,CS→CS,1968,59
MM,52.0,52.76149793981119,0.9855671660292912,-1.4432833970708825,BC_network_x_prior_citation,CS→CS,1968,59
MW,0.0,0.0,,,BC_network_x_prior_citation,CS→CS,1968,59
WM,0.0,0.0,,,BC_network_x_prior_citation,CS→CS,1968,59
WW,7.0,6.238502060188807,1.1220642283138311,12.206422831383112,BC_network_x_prior_citation,CS→CS,1968,59
MM,72.0,71.44958228905598,1.0077035819288243,0.7703581928824255,BC_network_weight_only,CS→CS,1969,77
MW,0.0,0.0,,,BC_network_weight_only,CS→CS,1969,77
WM,0.0,0.0,,,BC_network_weight_only,CS→CS,1969,77
WW,5.0,5.550417710944026,0.9008331012891623,-9.916689871083772,BC_network_weight_only,CS→CS,1969,77
MM,72.0,71.69327990946019,1.0042782265078005,0.427822650780052,BC_network_x_prior_citation,CS→CS,1969,77
MW,0.0,0.0,,,BC_network_x_prior_citation,CS→CS,1969,77
WM,0.0,0.0,,,BC_network_x_prior_citation,CS→CS,1969,77
WW,5.0,5.306720090539816,0.9422015698384771,-5.779843016152286,BC_network_x_prior_citation,CS→CS,1969,77
MM,79.0,80.01135154960572,0.9873598991890707,-1.2640100810929256,BC_network_weight_only,CS→CS,1970,85
MW,0.0,0.0,,,BC_network_weight_only,CS→CS,1970,85
WM,0.0,0.0,,,BC_network_weight_only,CS→CS,1970,85
WW,6.0,4.988648450394278,1.2027305711481413,20.27305711481413,BC_network_weight_only,CS→CS,1970,85
MM,79.0,80.03093867757359,0.9871182483348471,-1.288175166515293,BC_network_x_prior_citation,CS→CS,1970,85
MW,0.0,0.0,,,BC_network_x_prior_citation,CS→CS,1970,85
WM,0.0,0.0,,,BC_network_x_prior_citation,CS→CS,1970,85
WW,6.0,4.9690613224264135,1.2074715143724921,20.74715143724921,BC_network_x_prior_citation,CS→CS,1970,85
MM,125.0,124.00217650730734,1.0080468224090717,0.804682240907173,BC_network_weight_only,CS→CS,1971,134
MW,0.0,0.7801115298587492,0.0,-100.0,BC_network_weight_only,CS→CS,1971,134
WM,0.0,0.0975609756097561,0.0,-100.0,BC_network_weight_only,CS→CS,1971,134
WW,9.0,9.120150987224157,0.9868257677540132,-1.3174232245986794,BC_network_weight_only,CS→CS,1971,134
MM,125.0,123.61825584752405,1.011177508880082,1.1177508880082065,BC_network_x_prior_citation,CS→CS,1971,134
MW,0.0,0.7801115298587492,0.0,-100.0,BC_network_x_prior_citation,CS→CS,1971,134
WM,0.0,0.0975609756097561,0.0,-100.0,BC_network_x_prior_citation,CS→CS,1971,134
WW,9.0,9.504071647007427,0.9469625581825085,-5.303744181749148,BC_network_x_prior_citation,CS→CS,1971,134
MM,147.0,142.21751103619906,1.0336279894715894,3.3627989471589403,BC_network_weight_only,CS→CS,1972,153
MW,0.0,0.8731347856727028,0.0,-100.0,BC_network_weight_only,CS→CS,1972,153
WM,0.0,1.0975609756097562,0.0,-100.0,BC_network_weight_only,CS→CS,1972,153
WW,6.0,8.81179320251849,0.6809056751678132,-31.90943248321868,BC_network_weight_only,CS→CS,1972,153
MM,147.0,142.35893110519066,1.0326011782947428,3.260117829474285,BC_network_x_prior_citation,CS→CS,1972,153
MW,0.0,0.7650593990216632,0.0,-100.0,BC_network_x_prior_citation,CS→CS,1972,153
WM,0.0,1.0769230769230769,0.0,-100.0,BC_network_x_prior_citation,CS→CS,1972,153
WW,6.0,8.799086418864599,0.6818889728297745,-31.811102717022553,BC_network_x_prior_citation,CS→CS,1972,153
MM,206.0,209.81734490714086,0.9818063425174391,-1.8193657482560854,BC_network_weight_only,CS→CS,1973,217
MW,6.0,0.5863565891472868,10.232681121099947,923.2681121099947,BC_network_weight_only,CS→CS,1973,217
WM,0.0,0.3617886178861789,0.0,-100.0,BC_network_weight_only,CS→CS,1973,217
WW,5.0,6.234509885825675,0.8019876608693225,-19.80123391306775,BC_network_weight_only,CS→CS,1973,217
MM,206.0,209.40044674385283,0.9837610339580011,-1.6238966041998926,BC_network_x_prior_citation,CS→CS,1973,217
MW,6.0,0.47417027417027413,12.653682288496654,1165.3682288496655,BC_network_x_prior_citation,CS→CS,1973,217
WM,0.0,0.21645021645021645,0.0,-100.0,BC_network_x_prior_citation,CS→CS,1973,217
WW,5.0,6.908932765526693,0.7237007754581661,-27.629922454183387,BC_network_x_prior_citation,CS→CS,1973,217
MM,260.0,265.0630220390874,0.9808987990850689,-1.910120091493106,BC_network_weight_only,CS→CS,1974,278
MW,10.0,3.3297120708748613,3.003262680719586,200.3262680719586,BC_network_weight_only,CS→CS,1974,278
WM,0.0,1.839737108190091,0.0,-100.0,BC_network_weight_only,CS→CS,1974,278
WW,8.0,7.767528781847667,1.029928594367826,2.9928594367826022,BC_network_weight_only,CS→CS,1974,278
MM,260.0,264.39543851479505,0.9833755130592048,-1.6624486940795213,BC_network_x_prior_citation,CS→CS,1974,278
MW,10.0,3.7024829132279873,2.7008902496950515,170.08902496950515,BC_network_x_prior_citation,CS→CS,1974,278
WM,0.0,1.6460025481764613,0.0,-100.0,BC_network_x_prior_citation,CS→CS,1974,278
WW,8.0,8.256076023800482,0.968983325363978,-3.101667463602198,BC_network_x_prior_citation,CS→CS,1974,278
MM,274.0,274.21104378455016,0.9992303600116268,-0.07696399883732052,BC_network_weight_only,CS→CS,1975,294
MW,6.0,4.865684320239724,1.233125621208486,23.3125621208486,BC_network_weight_only,CS→CS,1975,294
WM,1.0,2.490979563072586,0.4014484963363228,-59.855150366367724,BC_network_weight_only,CS→CS,1975,294
WW,13.0,12.432292332137534,1.0456639574340558,4.566395743405582,BC_network_weight_only,CS→CS,1975,294
MM,274.0,271.62035105117263,1.0087609376087547,0.8760937608754737,BC_network_x_prior_citation,CS→CS,1975,294
MW,6.0,6.920083684208504,0.867041537906815,-13.295846209318496,BC_network_x_prior_citation,CS→CS,1975,294
WM,1.0,2.255316689782709,0.4433967098857173,-55.660329011428274,BC_network_x_prior_citation,CS→CS,1975,294
WW,13.0,13.204248574836125,0.9845316018038792,-1.546839819612078,BC_network_x_prior_citation,CS→CS,1975,294
MM,424.0,421.99076984372647,1.0047613130425046,0.47613130425046,BC_network_weight_only,CS→CS,1976,456
MW,11.0,14.405413810995206,0.7636018058435808,-23.639819415641917,BC_network_weight_only,CS→CS,1976,456
WM,9.0,7.542968650374926,1.1931641794047032,19.31641794047032,BC_network_weight_only,CS→CS,1976,456
WW,12.0,12.060847694903423,0.9949549404450954,-0.5045059554904641,BC_network_weight_only,CS→CS,1976,456
MM,424.0,420.20863177463514,1.0090225853032886,0.9022585303288588,BC_network_x_prior_citation,CS→CS,1976,456
MW,11.0,16.421309411200333,0.6698613201026058,-33.013867989739424,BC_network_x_prior_citation,CS→CS,1976,456
WM,9.0,7.115689608912115,1.264810650077803,26.48106500778029,BC_network_x_prior_citation,CS→CS,1976,456
WW,12.0,12.254369205252406,0.9792425704667541,-2.0757429533245886,BC_network_x_prior_citation,CS→CS,1976,456
MM,504.0,523.9748995276706,0.9618781366327344,-3.812186336726564,BC_network_weight_only,CS→CS,1977,570
MW,10.0,16.226775390173902,0.6162653860393904,-38.37346139606096,BC_network_weight_only,CS→CS,1977,570
WM,29.0,13.929716320203093,2.081880157023699,108.18801570236988,BC_network_weight_only,CS→CS,1977,570
WW,27.0,15.868608761952414,1.7014724104066967,70.14724104066967,BC_network_weight_only,CS→CS,1977,570
MM,504.0,521.8975993804296,0.9657066838366823,-3.4293316163317655,BC_network_x_prior_citation,CS→CS,1977,570
MW,10.0,18.468132645599454,0.541473260556355,-45.8526739443645,BC_network_x_prior_citation,CS→CS,1977,570
WM,29.0,16.15706546024102,1.794880392814067,79.48803928140671,BC_network_x_prior_citation,CS→CS,1977,570
WW,27.0,13.477202513729871,2.003383118454576,100.33831184545758,BC_network_x_prior_citation,CS→CS,1977,570
MM,656.0,701.7682769311302,0.9347814963490836,-6.521850365091641,BC_network_weight_only,CS→CS,1978,763
MW,8.0,17.40141091672401,0.45973283650875824,-54.02671634912417,BC_network_weight_only,CS→CS,1978,763
WM,62.0,21.20087492270846,2.9244076117628146,192.44076117628146,BC_network_weight_only,CS→CS,1978,763
WW,37.0,22.62943722943723,1.635038451237709,63.503845123770894,BC_network_weight_only,CS→CS,1978,763
MM,656.0,697.9089414075589,0.9399507028480879,-6.00492971519121,BC_network_x_prior_citation,CS→CS,1978,763
MW,8.0,18.284736016092847,0.43752340711722626,-56.247659288277376,BC_network_x_prior_citation,CS→CS,1978,763
WM,62.0,23.540617057671888,2.633745744561704,163.37457445617042,BC_network_x_prior_citation,CS→CS,1978,763
WW,37.0,23.265705518676306,1.5903235760591325,59.032357605913255,BC_network_x_prior_citation,CS→CS,1978,763
MM,679.0,723.1018663207028,0.9390101611200334,-6.098983887996656,BC_network_weight_only,CS→CS,1979,786
MW,11.0,21.738270382585448,0.5060200193669554,-49.39799806330446,BC_network_weight_only,CS→CS,1979,786
WM,64.0,16.305902941048622,3.924958969238425,292.49589692384245,BC_network_weight_only,CS→CS,1979,786
WW,32.0,24.85396035566314,1.2875211653223944,28.752116532239434,BC_network_weight_only,CS→CS,1979,786
MM,679.0,712.5853518917244,0.9528683100170889,-4.713168998291106,BC_network_x_prior_citation,CS→CS,1979,786
MW,11.0,19.846829761190484,0.5542446895730404,-44.57553104269596,BC_network_x_prior_citation,CS→CS,1979,786
WM,64.0,27.555725200568542,2.322566346346041,132.2566346346041,BC_network_x_prior_citation,CS→CS,1979,786
WW,32.0,26.01209314651666,1.2301970402672189,23.01970402672189,BC_network_x_prior_citation,CS→CS,1979,786
MM,819.0,854.3313273379223,0.9586444670734316,-4.1355532926568355,BC_network_weight_only,CS→CS,1980,937
MW,10.0,18.77719334928637,0.5325609538115583,-46.74390461884417,BC_network_weight_only,CS→CS,1980,937
WM,66.0,20.930297246821862,3.153323587414493,215.3323587414493,BC_network_weight_only,CS→CS,1980,937
WW,42.0,42.96118206596953,0.977626731394551,-2.237326860544897,BC_network_weight_only,CS→CS,1980,937
MM,819.0,838.8902185553247,0.9762898432770164,-2.37101567229836,BC_network_x_prior_citation,CS→CS,1980,937
MW,10.0,18.938862994049188,0.5280148023216661,-47.19851976783339,BC_network_x_prior_citation,CS→CS,1980,937
WM,66.0,32.93899282553514,2.0037042525731126,100.37042525731125,BC_network_x_prior_citation,CS→CS,1980,937
WW,42.0,46.231925625090895,0.9084631330434103,-9.153686695658969,BC_network_x_prior_citation,CS→CS,1980,937
MM,1036.0,1073.9261186974145,0.9646846109456618,-3.5315389054338175,BC_network_weight_only,CS→CS,1981,1177
MW,14.0,27.868722086421126,0.5023552912324394,-49.764470876756064,BC_network_weight_only,CS→CS,1981,1177
WM,76.0,34.2848076084567,2.216725287420129,121.67252874201289,BC_network_weight_only,CS→CS,1981,1177
WW,51.0,40.92035160770766,1.246323601735469,24.632360173546907,BC_network_weight_only,CS→CS,1981,1177
MM,1036.0,1058.6923078788454,0.9785657195107889,-2.1434280489211144,BC_network_x_prior_citation,CS→CS,1981,1177
MW,14.0,25.80138129603952,0.5426066085132032,-45.73933914867968,BC_network_x_prior_citation,CS→CS,1981,1177
WM,76.0,49.13700791490029,1.5466957233461052,54.669572334610514,BC_network_x_prior_citation,CS→CS,1981,1177
WW,51.0,43.369302910214536,1.175946961969459,17.59469619694589,BC_network_x_prior_citation,CS→CS,1981,1177
MM,1380.0,1414.582385967136,0.9755529361101918,-2.444706388980822,BC_network_weight_only,CS→CS,1982,1546
MW,34.0,36.37815803713923,0.9346267605217582,-6.537323947824181,BC_network_weight_only,CS→CS,1982,1546
WM,73.0,32.44368915568424,2.2500523799775762,125.00523799775762,BC_network_weight_only,CS→CS,1982,1546
WW,59.0,62.59576684004038,0.9425557506272086,-5.744424937279136,BC_network_weight_only,CS→CS,1982,1546
MM,1380.0,1404.5516013537208,0.9825199719753566,-1.7480028024643435,BC_network_x_prior_citation,CS→CS,1982,1546
MW,34.0,34.892206962002064,0.9744296208327067,-2.5570379167293322,BC_network_x_prior_citation,CS→CS,1982,1546
WM,73.0,42.44908821920058,1.7197071377137523,71.97071377137523,BC_network_x_prior_citation,CS→CS,1982,1546
WW,59.0,64.1071034650765,0.920334827358739,-7.9665172641261055,BC_network_x_prior_citation,CS→CS,1982,1546
MM,1753.0,1768.8508109362485,0.991038921519979,-0.8961078480021034,BC_network_weight_only,CS→CS,1983,1934
MW,36.0,41.27718123099925,0.8721525774382076,-12.784742256179237,BC_network_weight_only,CS→CS,1983,1934
WM,77.0,47.31154353766811,1.6275097839218622,62.75097839218622,BC_network_weight_only,CS→CS,1983,1934
WW,68.0,76.5604642950841,0.8881868811284918,-11.181311887150825,BC_network_weight_only,CS→CS,1983,1934
MM,1753.0,1765.0495428347153,0.993173255173697,-0.6826744826302966,BC_network_x_prior_citation,CS→CS,1983,1934
MW,36.0,40.98366032420882,0.8783988476191571,-12.160115238084291,BC_network_x_prior_citation,CS→CS,1983,1934
WM,77.0,52.23928629577796,1.473986446982206,47.39864469822059,BC_network_x_prior_citation,CS→CS,1983,1934
WW,68.0,75.72751054529778,0.8979563636827144,-10.204363631728564,BC_network_x_prior_citation,CS→CS,1983,1934
MM,1928.0,1901.2918548800583,1.0140473673473065,1.4047367347306494,BC_network_weight_only,CS→CS,1984,2148
MW,43.0,76.65761349273853,0.5609358032529048,-43.90641967470952,BC_network_weight_only,CS→CS,1984,2148
WM,91.0,71.45517832669776,1.2735256160714068,27.35256160714068,BC_network_weight_only,CS→CS,1984,2148
WW,86.0,98.5953533005054,0.8722520597688164,-12.774794023118364,BC_network_weight_only,CS→CS,1984,2148
MM,1928.0,1896.4790710862198,1.016620762862269,1.662076286226899,BC_network_x_prior_citation,CS→CS,1984,2148
MW,43.0,79.00296192444823,0.5442833908065571,-45.57166091934429,BC_network_x_prior_citation,CS→CS,1984,2148
WM,91.0,75.23841078524687,1.2094885983137185,20.94885983137185,BC_network_x_prior_citation,CS→CS,1984,2148
WW,86.0,97.27955620408514,0.8840500857094631,-11.594991429053692,BC_network_x_prior_citation,CS→CS,1984,2148
MM,2237.0,2208.038676443347,1.013116311713934,1.3116311713933904,BC_network_weight_only,CS→CS,1985,2476
MW,47.0,82.82569256744397,0.5674567702736498,-43.254322972635016,BC_network_weight_only,CS→CS,1985,2476
WM,89.0,69.96943548586324,1.2719839653127076,27.198396531270763,BC_network_weight_only,CS→CS,1985,2476
WW,103.0,115.16619550334573,0.8943596647421397,-10.564033525786032,BC_network_weight_only,CS→CS,1985,2476
MM,2237.0,2203.3714370774696,1.0152623213483856,1.5262321348385566,BC_network_x_prior_citation,CS→CS,1985,2476
MW,47.0,85.36459909229902,0.5505795200793019,-44.94204799206981,BC_network_x_prior_citation,CS→CS,1985,2476
WM,89.0,69.10610977483114,1.2878745495874278,28.787454958742774,BC_network_x_prior_citation,CS→CS,1985,2476
WW,103.0,118.15785405540004,0.8717152221781799,-12.828477782182013,BC_network_x_prior_citation,CS→CS,1985,2476
MM,2866.0,2814.2980995971084,1.0183711527966044,1.8371152796604395,BC_network_weight_only,CS→CS,1986,3162
MW,71.0,104.62732966667662,0.678598987723312,-32.14010122766881,BC_network_weight_only,CS→CS,1986,3162
WM,106.0,98.90297432686984,1.0717574544287698,7.17574544287698,BC_network_weight_only,CS→CS,1986,3162
WW,119.0,144.1715964093449,0.8254053014861856,-17.45946985138144,BC_network_weight_only,CS→CS,1986,3162
MM,2866.0,2819.725041944066,1.0164111597292584,1.641115972925844,BC_network_x_prior_citation,CS→CS,1986,3162
MW,71.0,104.23398363551291,0.6811598053114227,-31.884019468857726,BC_network_x_prior_citation,CS→CS,1986,3162
WM,106.0,101.05370196663988,1.0489472224876335,4.89472224876335,BC_network_x_prior_citation,CS→CS,1986,3162
WW,119.0,136.98727245378097,0.8686938419052777,-13.130615809472236,BC_network_x_prior_citation,CS→CS,1986,3162
MM,3828.0,3767.7887779677144,1.0159805194984317,1.5980519498431711,BC_network_weight_only,CS→CS,1987,4209
MW,74.0,122.50390557017927,0.6040623738122973,-39.59376261877027,BC_network_weight_only,CS→CS,1987,4209
WM,139.0,132.34092638438108,1.0503175684011596,5.031756840115964,BC_network_weight_only,CS→CS,1987,4209
WW,168.0,186.3663900777253,0.9014500947833701,-9.854990521662987,BC_network_weight_only,CS→CS,1987,4209
MM,3828.0,3780.062839465047,1.0126815776802633,1.2681577680263345,BC_network_x_prior_citation,CS→CS,1987,4209
MW,74.0,117.09885016504916,0.631944719317893,-36.805528068210705,BC_network_x_prior_citation,CS→CS,1987,4209
WM,139.0,125.84262128948437,1.104554232705061,10.455423270506103,BC_network_x_prior_citation,CS→CS,1987,4209
WW,168.0,185.99568908041965,0.9032467409895786,-9.675325901042143,BC_network_x_prior_citation,CS→CS,1987,4209
MM,5091.0,5074.602864350792,1.003231215542875,0.32312155428750877,BC_network_weight_only,CS→CS,1988,5688
MW,145.0,190.79190028441184,0.7599903338865526,-24.000966611344744,BC_network_weight_only,CS→CS,1988,5688
WM,223.0,211.23547586511404,1.0556938842147816,5.569388421478161,BC_network_weight_only,CS→CS,1988,5688
WW,229.0,211.36975949968257,1.0834094741937004,8.340947419370037,BC_network_weight_only,CS→CS,1988,5688
MM,5091.0,5098.928095734986,0.9984451446291982,-0.15548553708017998,BC_network_x_prior_citation,CS→CS,1988,5688
MW,145.0,178.12624117161585,0.8140294155777961,-18.597058442220394,BC_network_x_prior_citation,CS→CS,1988,5688
WM,223.0,212.68868980065855,1.048480764111179,4.8480764111179075,BC_network_x_prior_citation,CS→CS,1988,5688
WW,229.0,198.25697329273976,1.1550665593076825,15.506655930768254,BC_network_x_prior_citation,CS→CS,1988,5688
MM,6026.0,5950.003452675098,1.0127725215505101,1.2772521550510119,BC_network_weight_only,CS→CS,1989,6722
MW,181.0,254.07695103582154,0.7123826040185808,-28.761739598141922,BC_network_weight_only,CS→CS,1989,6722
WM,260.0,248.14784336406714,1.047762480927727,4.776248092772706,BC_network_weight_only,CS→CS,1989,6722
WW,255.0,269.7717529250137,0.9452435150646789,-5.475648493532114,BC_network_weight_only,CS→CS,1989,6722
MM,6026.0,5998.756743246575,1.0045414838306448,0.4541483830644788,BC_network_x_prior_citation,CS→CS,1989,6722
MW,181.0,236.11374298944122,0.7665796903998686,-23.342030960013137,BC_network_x_prior_citation,CS→CS,1989,6722
WM,260.0,236.0031501250723,1.1016802100404606,10.168021004046057,BC_network_x_prior_citation,CS→CS,1989,6722
WW,255.0,251.12636363891116,1.0154250485889194,1.5425048588919354,BC_network_x_prior_citation,CS→CS,1989,6722
MM,7308.0,7234.783295759468,1.0101200963798662,1.0120096379866217,BC_network_weight_only,CS→CS,1990,8239
MW,267.0,358.64047848930153,0.7444781501649842,-25.55218498350158,BC_network_weight_only,CS→CS,1990,8239
WM,366.0,351.2461571756568,1.0420042825321643,4.200428253216426,BC_network_weight_only,CS→CS,1990,8239
WW,298.0,294.33006857557314,1.0124687614900771,1.246876149007714,BC_network_weight_only,CS→CS,1990,8239
MM,7308.0,7295.023458286535,1.001778821108344,0.1778821108344042,BC_network_x_prior_citation,CS→CS,1990,8239
MW,267.0,333.2977213076614,0.8010855848412384,-19.891441515876163,BC_network_x_prior_citation,CS→CS,1990,8239
WM,366.0,345.90135525910273,1.0581051344127925,5.8105134412792525,BC_network_x_prior_citation,CS→CS,1990,8239
WW,298.0,264.777465146701,1.125473422879443,12.547342287944296,BC_network_x_prior_citation,CS→CS,1990,8239
MM,8432.0,8335.146841090003,1.0116198503465514,1.1619850346551441,BC_network_weight_only,CS→CS,1991,9572
MW,375.0,432.9942119400857,0.8660623852678417,-13.393761473215825,BC_network_weight_only,CS→CS,1991,9572
WM,403.0,416.4923078739441,0.9676049050153701,-3.239509498462989,BC_network_weight_only,CS→CS,1991,9572
WW,362.0,387.3666390959668,0.9345151684843919,-6.548483151560813,BC_network_weight_only,CS→CS,1991,9572
MM,8432.0,8402.0739659652,1.0035617437023314,0.35617437023314213,BC_network_x_prior_citation,CS→CS,1991,9572
MW,375.0,400.6751245428435,0.935920343015709,-6.407965698429097,BC_network_x_prior_citation,CS→CS,1991,9572
WM,403.0,407.48303628180474,0.9889982259808617,-1.1001774019138266,BC_network_x_prior_citation,CS→CS,1991,9572
WW,362.0,361.767873210152,1.0006416456712648,0.064164567126479,BC_network_x_prior_citation,CS→CS,1991,9572
MM,9705.0,9661.527726684333,1.0044995237342849,0.44995237342848604,BC_network_weight_only,CS→CS,1992,11133
MW,475.0,509.6503498783429,0.9320115253788912,-6.79884746211088,BC_network_weight_only,CS→CS,1992,11133
WM,558.0,534.522661380394,1.043922064144065,4.3922064144064965,BC_network_weight_only,CS→CS,1992,11133
WW,395.0,427.2992620569303,0.9244106767199918,-7.5589323280008225,BC_network_weight_only,CS→CS,1992,11133
MM,9705.0,9730.277472926125,0.997402183751033,-0.2597816248967044,BC_network_x_prior_citation,CS→CS,1992,11133
MW,475.0,481.69785300884473,0.9860953231013846,-1.390467689861541,BC_network_x_prior_citation,CS→CS,1992,11133
WM,558.0,522.8111531118639,1.0673069935074757,6.730699350747571,BC_network_x_prior_citation,CS→CS,1992,11133
WW,395.0,398.21352095316615,0.9919301560994859,-0.8069843900514129,BC_network_x_prior_citation,CS→CS,1992,11133
MM,10466.0,10465.948200408351,1.0000049493453107,0.0004949345310700792,BC_network_weight_only,CS→CS,1993,12099
MW,589.0,579.7231628935552,1.0160021846636964,1.6002184663696406,BC_network_weight_only,CS→CS,1993,12099
WM,641.0,582.807119014147,1.099849296769555,9.9849296769555,BC_network_weight_only,CS→CS,1993,12099
WW,403.0,470.52151768394555,0.8564964297141868,-14.350357028581318,BC_network_weight_only,CS→CS,1993,12099
MM,10466.0,10522.29902290323,0.9946495511312987,-0.5350448868701285,BC_network_x_prior_citation,CS→CS,1993,12099
MW,589.0,553.7545531381127,1.0636481391659036,6.364813916590362,BC_network_x_prior_citation,CS→CS,1993,12099
WM,641.0,582.8545751967768,1.0997597467320093,9.975974673200927,BC_network_x_prior_citation,CS→CS,1993,12099
WW,403.0,440.0918487618825,0.9157179373664075,-8.42820626335925,BC_network_x_prior_citation,CS→CS,1993,12099
MM,12732.0,12641.039975784335,1.0071956124171675,0.7195612417167485,BC_network_weight_only,CS→CS,1994,14935
MW,799.0,801.6556497732993,0.9966872936353031,-0.3312706364696938,BC_network_weight_only,CS→CS,1994,14935
WM,881.0,881.0834991195767,0.9999052313206863,-0.009476867931368371,BC_network_weight_only,CS→CS,1994,14935
WW,523.0,611.2208753227895,0.8556644923552398,-14.433550764476022,BC_network_weight_only,CS→CS,1994,14935
MM,12732.0,12720.874207163826,1.0008746091388836,0.08746091388835975,BC_network_x_prior_citation,CS→CS,1994,14935
MW,799.0,767.4814578158382,1.0410674966322442,4.106749663224418,BC_network_x_prior_citation,CS→CS,1994,14935
WM,881.0,886.8359458491512,0.9934193625365926,-0.6580637463407424,BC_network_x_prior_citation,CS→CS,1994,14935
WW,523.0,559.8083891711829,0.9342482358549877,-6.575176414501227,BC_network_x_prior_citation,CS→CS,1994,14935
MM,13689.0,13533.603391208122,1.0114822789097564,1.1482278909756394,BC_network_weight_only,CS→CS,1995,15877
MW,799.0,852.1113996794775,0.9376708260217439,-6.23291739782561,BC_network_weight_only,CS→CS,1995,15877
WM,887.0,912.216840235115,0.9723565284887575,-2.764347151124247,BC_network_weight_only,CS→CS,1995,15877
WW,502.0,579.068368877284,0.8669097242753795,-13.309027572462051,BC_network_weight_only,CS→CS,1995,15877
MM,13689.0,13613.124620184337,1.005573693177183,0.5573693177183037,BC_network_x_prior_citation,CS→CS,1995,15877
MW,799.0,830.8916267773266,0.961617585555627,-3.838241444437296,BC_network_x_prior_citation,CS→CS,1995,15877
WM,887.0,907.0091795602307,0.9779393858285621,-2.20606141714379,BC_network_x_prior_citation,CS→CS,1995,15877
WW,502.0,525.974573478106,0.9544187595997852,-4.558124040021482,BC_network_x_prior_citation,CS→CS,1995,15877
MM,15510.0,15269.209350529094,1.0157696868215749,1.5769686821574869,BC_network_weight_only,CS→CS,1996,17929
MW,914.0,944.8140571773714,0.9673861148198533,-3.261388518014674,BC_network_weight_only,CS→CS,1996,17929
WM,929.0,1052.9546356941391,0.8822792250566194,-11.772077494338063,BC_network_weight_only,CS→CS,1996,17929
WW,576.0,662.0219565993968,0.8700617770424637,-12.993822295753631,BC_network_weight_only,CS→CS,1996,17929
MM,15510.0,15374.69903757461,1.0088002348595393,0.8800234859539291,BC_network_x_prior_citation,CS→CS,1996,17929
MW,914.0,907.4999493534103,1.0071625906439123,0.7162590643912337,BC_network_x_prior_citation,CS→CS,1996,17929
WM,929.0,1040.6482130548254,0.8927128191311818,-10.728718086881816,BC_network_x_prior_citation,CS→CS,1996,17929
WW,576.0,606.1528000171543,0.9502554471144884,-4.974455288551161,BC_network_x_prior_citation,CS→CS,1996,17929
MM,15788.0,15617.933938387843,1.0108891523221357,1.088915232213572,BC_network_weight_only,CS→CS,1997,18398
MW,994.0,1009.0706643711455,0.9850648077451171,-1.4935192254882934,BC_network_weight_only,CS→CS,1997,18398
WM,1006.0,1106.4962878472543,0.9091761183918882,-9.082388160811183,BC_network_weight_only,CS→CS,1997,18398
WW,610.0,664.4991093937571,0.9179846765430908,-8.201532345690921,BC_network_weight_only,CS→CS,1997,18398
MM,15788.0,15745.414707297605,1.0027046155019759,0.2704615501975871,BC_network_x_prior_citation,CS→CS,1997,18398
MW,994.0,988.7858556994165,1.0052732796191701,0.5273279619170124,BC_network_x_prior_citation,CS→CS,1997,18398
WM,1006.0,1067.052913750991,0.9427836117926216,-5.72163882073784,BC_network_x_prior_citation,CS→CS,1997,18398
WW,610.0,596.7465232519885,1.0222095583829902,2.2209558382990213,BC_network_x_prior_citation,CS→CS,1997,18398
MM,16648.0,16523.73180024482,1.007520589250507,0.7520589250507026,BC_network_weight_only,CS→CS,1998,19607
MW,1162.0,1156.471077697955,1.0047808565286827,0.4780856528682653,BC_network_weight_only,CS→CS,1998,19607
WM,1140.0,1215.416837945626,0.9379498163995323,-6.205018360046766,BC_network_weight_only,CS→CS,1998,19607
WW,657.0,711.3802841115989,0.9235566611471229,-7.644333885287713,BC_network_weight_only,CS→CS,1998,19607
MM,16648.0,16622.36908897077,1.0015419529485865,0.15419529485865002,BC_network_x_prior_citation,CS→CS,1998,19607
MW,1162.0,1118.3592398492065,1.0390221304530713,3.9022130453071346,BC_network_x_prior_citation,CS→CS,1998,19607
WM,1140.0,1192.6210875094125,0.9558777820881041,-4.412221791189586,BC_network_x_prior_citation,CS→CS,1998,19607
WW,657.0,673.6505836706132,0.975283056121043,-2.4716943878956954,BC_network_x_prior_citation,CS→CS,1998,19607
MM,18830.0,18739.839477817848,1.0048111683287828,0.4811168328782811,BC_network_weight_only,CS→CS,1999,22222
MW,1395.0,1389.1945700273636,1.0041789898246738,0.41789898246737955,BC_network_weight_only,CS→CS,1999,22222
WM,1252.0,1372.3021601949877,0.9123355164157912,-8.766448358420876,BC_network_weight_only,CS→CS,1999,22222
WW,745.0,720.6637919598011,1.033769156036018,3.3769156036018044,BC_network_weight_only,CS→CS,1999,22222
MM,18830.0,18836.784252231897,0.9996398402115216,-0.03601597884783647,BC_network_x_prior_citation,CS→CS,1999,22222
MW,1395.0,1375.0263807276226,1.014525989866324,1.4525989866323918,BC_network_x_prior_citation,CS→CS,1999,22222
WM,1252.0,1325.0259878134925,0.9448871278864521,-5.511287211354787,BC_network_x_prior_citation,CS→CS,1999,22222
WW,745.0,685.1633792269873,1.08733190153934,8.73319015393399,BC_network_x_prior_citation,CS→CS,1999,22222
MM,19138.0,19017.658988485564,1.0063278562091842,0.6327856209184191,BC_network_weight_only,CS→CS,2000,22710
MW,1398.0,1372.0788311773008,1.0188918947174908,1.8891894717490754,BC_network_weight_only,CS→CS,2000,22710
WM,1354.0,1485.6784046304313,0.9113681640521747,-8.86318359478253,BC_network_weight_only,CS→CS,2000,22710
WW,820.0,834.583775706708,0.9825256898933138,-1.7474310106686208,BC_network_weight_only,CS→CS,2000,22710
MM,19138.0,19140.10232658648,0.9998901611626413,-0.010983883735871114,BC_network_x_prior_citation,CS→CS,2000,22710
MW,1398.0,1332.084377692769,1.0494830683484178,4.948306834841776,BC_network_x_prior_citation,CS→CS,2000,22710
WM,1354.0,1433.4859075317897,0.9445506181022383,-5.544938189776172,BC_network_x_prior_citation,CS→CS,2000,22710
WW,820.0,804.3273881889623,1.019485363847085,1.9485363847085102,BC_network_x_prior_citation,CS→CS,2000,22710
MM,20905.0,20576.24660069714,1.0159773259760465,1.5977325976046508,BC_network_weight_only,CS→CS,2001,24472
MW,1398.0,1427.4900952130915,0.9793412960888606,-2.065870391113944,BC_network_weight_only,CS→CS,2001,24472
WM,1371.0,1653.0406709950225,0.8293806825543787,-17.06193174456213,BC_network_weight_only,CS→CS,2001,24472
WW,798.0,815.2226330947458,0.978873705911028,-2.112629408897204,BC_network_weight_only,CS→CS,2001,24472
MM,20905.0,20685.74139358442,1.0105995043756848,1.0599504375684798,BC_network_x_prior_citation,CS→CS,2001,24472
MW,1398.0,1411.9292873294114,0.9901345715720948,-0.9865428427905165,BC_network_x_prior_citation,CS→CS,2001,24472
WM,1371.0,1589.976252742452,0.8622770293803109,-13.772297061968908,BC_network_x_prior_citation,CS→CS,2001,24472
WW,798.0,784.3530663437163,1.0173989676867068,1.739896768670679,BC_network_x_prior_citation,CS→CS,2001,24472
MM,24300.0,23871.69344184827,1.017942026576166,1.794202657616606,BC_network_weight_only,CS→CS,2002,28670
MW,1798.0,1773.6480084345706,1.0137298897242428,1.3729889724242827,BC_network_weight_only,CS→CS,2002,28670
WM,1678.0,2040.1219012393615,0.8224998707090128,-17.750012929098723,BC_network_weight_only,CS→CS,2002,28670
WW,894.0,984.5366484777984,0.9080413627895132,-9.195863721048681,BC_network_weight_only,CS→CS,2002,28670
MM,24300.0,24038.210744231812,1.010890546661465,1.089054666146505,BC_network_x_prior_citation,CS→CS,2002,28670
MW,1798.0,1746.661524920221,1.029392343248715,2.939234324871509,BC_network_x_prior_citation,CS→CS,2002,28670
WM,1678.0,1943.3148967999618,0.863473028876147,-13.652697112385304,BC_network_x_prior_citation,CS→CS,2002,28670
WW,894.0,941.8128340480094,0.9492331891013792,-5.0766810898620784,BC_network_x_prior_citation,CS→CS,2002,28670
MM,29902.0,29379.144990973306,1.0177968082184605,1.7796808218460525,BC_network_weight_only,CS→CS,2003,35514
MW,2409.0,2350.23153929289,1.0250053919048299,2.5005391904829866,BC_network_weight_only,CS→CS,2003,35514
WM,2122.0,2611.2985911100977,0.8126225040767588,-18.737749592324114,BC_network_weight_only,CS→CS,2003,35514
WW,1081.0,1173.3248786237068,0.921313456907176,-7.868654309282396,BC_network_weight_only,CS→CS,2003,35514
MM,29902.0,29626.249866123864,1.0093076287117744,0.9307628711774374,BC_network_x_prior_citation,CS→CS,2003,35514
MW,2409.0,2324.1845198474743,1.0364925759672867,3.6492575967286722,BC_network_x_prior_citation,CS→CS,2003,35514
WM,2122.0,2447.339256256885,0.8670640960687732,-13.293590393122678,BC_network_x_prior_citation,CS→CS,2003,35514
WW,1081.0,1116.2263577717772,0.9684415642700854,-3.155843572991457,BC_network_x_prior_citation,CS→CS,2003,35514
MM,40915.0,40121.46258565334,1.019778377038289,1.9778377038289108,BC_network_weight_only,CS→CS,2004,48993
MW,3287.0,3447.7462545943663,0.9533764254314944,-4.662357456850563,BC_network_weight_only,CS→CS,2004,48993
WM,3310.0,3806.755330416797,0.8695068930625474,-13.049310693745264,BC_network_weight_only,CS→CS,2004,48993
WW,1481.0,1617.0358293355,0.9158733363432013,-8.412666365679867,BC_network_weight_only,CS→CS,2004,48993
MM,40915.0,40475.76256484406,1.0108518631230792,1.0851863123079175,BC_network_x_prior_citation,CS→CS,2004,48993
MW,3287.0,3449.4044798220793,0.9529181107138656,-4.708188928613444,BC_network_x_prior_citation,CS→CS,2004,48993
WM,3310.0,3525.173469265662,0.938960884863778,-6.1039115136221955,BC_network_x_prior_citation,CS→CS,2004,48993
WW,1481.0,1542.659486068192,0.960030397748148,-3.9969602251851977,BC_network_x_prior_citation,CS→CS,2004,48993
MM,48096.0,47370.31303475844,1.015319446268153,1.5319446268152959,BC_network_weight_only,CS→CS,2005,58402
MW,4389.0,4487.250214443382,0.9781045830412715,-2.189541695872854,BC_network_weight_only,CS→CS,2005,58402
WM,4255.0,4732.293653037186,0.899141159016863,-10.085884098313702,BC_network_weight_only,CS→CS,2005,58402
WW,1662.0,1812.143097760995,0.9171461139318935,-8.28538860681065,BC_network_weight_only,CS→CS,2005,58402
MM,48096.0,47721.533220079276,1.00784691426811,0.7846914268109906,BC_network_x_prior_citation,CS→CS,2005,58402
MW,4389.0,4501.939364179829,0.9749131751799139,-2.508682482008606,BC_network_x_prior_citation,CS→CS,2005,58402
WM,4255.0,4462.4032334287,0.9535220771007417,-4.6477922899258335,BC_network_x_prior_citation,CS→CS,2005,58402
WW,1662.0,1716.124182312191,0.9684613835816546,-3.1538616418345433,BC_network_x_prior_citation,CS→CS,2005,58402
MM,62331.0,61263.22328528454,1.017429326396085,1.7429326396084965,BC_network_weight_only,CS→CS,2006,76014
MW,5757.0,5949.867283046089,0.9675846075431537,-3.2415392456846326,BC_network_weight_only,CS→CS,2006,76014
WM,5825.0,6536.355588503424,0.8911693865378739,-10.883061346212608,BC_network_weight_only,CS→CS,2006,76014
WW,2101.0,2264.553843165945,0.9277765712396179,-7.222342876038212,BC_network_weight_only,CS→CS,2006,76014
MM,62331.0,61737.35532545626,1.0096156479559948,0.9615647955994788,BC_network_x_prior_citation,CS→CS,2006,76014
MW,5757.0,6053.914614492496,0.9509549385150378,-4.904506148496224,BC_network_x_prior_citation,CS→CS,2006,76014
WM,5825.0,6083.345801905651,0.95753228399005,-4.246771600995003,BC_network_x_prior_citation,CS→CS,2006,76014
WW,2101.0,2139.384258145592,0.9820582684015525,-1.7941731598447475,BC_network_x_prior_citation,CS→CS,2006,76014
MM,71184.0,70006.627080754,1.016818020926617,1.6818020926617105,BC_network_weight_only,CS→CS,2007,87484
MW,6897.0,7080.218539503835,0.9741224739770993,-2.587752602290072,BC_network_weight_only,CS→CS,2007,87484
WM,7074.0,7770.232732478654,0.910397441563303,-8.960255843669696,BC_network_weight_only,CS→CS,2007,87484
WW,2329.0,2626.9216472635203,0.8865890623064959,-11.341093769350408,BC_network_weight_only,CS→CS,2007,87484
MM,71184.0,70509.3868891533,1.0095677063808148,0.9567706380814833,BC_network_x_prior_citation,CS→CS,2007,87484
MW,6897.0,7306.185341470719,0.9439946672105157,-5.6005332789484275,BC_network_x_prior_citation,CS→CS,2007,87484
WM,7074.0,7208.86812336478,0.981291359328983,-1.8708640671016963,BC_network_x_prior_citation,CS→CS,2007,87484
WW,2329.0,2459.5596460111947,0.9469174710916523,-5.308252890834774,BC_network_x_prior_citation,CS→CS,2007,87484
MM,78478.0,77403.968085021,1.0138756699630602,1.3875669963060222,BC_network_weight_only,CS→CS,2008,97481
MW,7713.0,7986.788148928936,0.9657198683846833,-3.4280131615316733,BC_network_weight_only,CS→CS,2008,97481
WM,8791.0,9201.277401167907,0.9554108214240089,-4.4589178575991095,BC_network_weight_only,CS→CS,2008,97481
WW,2499.0,2888.966364882159,0.8650152630288357,-13.498473697116431,BC_network_weight_only,CS→CS,2008,97481
MM,78478.0,78028.24688757583,1.0057639781792378,0.5763978179237794,BC_network_x_prior_citation,CS→CS,2008,97481
MW,7713.0,8131.733756124942,0.9485062142117545,-5.149378578824548,BC_network_x_prior_citation,CS→CS,2008,97481
WM,8791.0,8656.342352440744,1.0155559521650952,1.55559521650952,BC_network_x_prior_citation,CS→CS,2008,97481
WW,2499.0,2664.67700385848,0.937824733122034,-6.217526687796604,BC_network_x_prior_citation,CS→CS,2008,97481
MM,83093.0,81728.30220977114,1.016697982869216,1.6697982869215977,BC_network_weight_only,CS→CS,2009,103724
MW,8336.0,8670.578644752686,0.9614121896056881,-3.8587810394311917,BC_network_weight_only,CS→CS,2009,103724
WM,9667.0,10248.288874663893,0.9432794213967786,-5.672057860322144,BC_network_weight_only,CS→CS,2009,103724
WW,2628.0,3076.8302708122865,0.8541257621292855,-14.587423787071451,BC_network_weight_only,CS→CS,2009,103724
MM,83093.0,82271.19266063161,1.0099890048119071,0.9989004811907121,BC_network_x_prior_citation,CS→CS,2009,103724
MW,8336.0,8863.190369162938,0.940519119278183,-5.948088072181701,BC_network_x_prior_citation,CS→CS,2009,103724
WM,9667.0,9716.360095369168,0.9949198985129531,-0.5080101487046851,BC_network_x_prior_citation,CS→CS,2009,103724
WW,2628.0,2873.256874836292,0.9146415076966393,-8.535849230336067,BC_network_x_prior_citation,CS→CS,2009,103724
MM,89710.0,88727.89315215162,1.011068749780458,1.106874978045802,BC_network_weight_only,CS→CS,2010,112932
MW,9381.0,9498.442324296155,0.9876356227382939,-1.2364377261706139,BC_network_weight_only,CS→CS,2010,112932
WM,11073.0,11364.154923189692,0.9743795359041119,-2.562046409588814,BC_network_weight_only,CS→CS,2010,112932
WW,2768.0,3341.509600362521,0.8283681123345267,-17.163188766547332,BC_network_weight_only,CS→CS,2010,112932
MM,89710.0,89262.09546838491,1.0050178581318845,0.501785813188449,BC_network_x_prior_citation,CS→CS,2010,112932
MW,9381.0,9706.29531436666,0.9664861511183183,-3.351384888168174,BC_network_x_prior_citation,CS→CS,2010,112932
WM,11073.0,10881.598478829153,1.0175894673510726,1.7589467351072585,BC_network_x_prior_citation,CS→CS,2010,112932
WW,2768.0,3082.0107384192575,0.8981149758808721,-10.188502411912792,BC_network_x_prior_citation,CS→CS,2010,112932
MM,94769.0,93418.20347176303,1.0144596714348642,1.4459671434864152,BC_network_weight_only,CS→CS,2011,119154
MW,9685.0,10024.211044376418,0.9661608237421623,-3.383917625783772,BC_network_weight_only,CS→CS,2011,119154
WM,11835.0,12258.841545362679,0.9654256445199741,-3.4574355480025853,BC_network_weight_only,CS→CS,2011,119154
WW,2865.0,3452.7439384978734,0.8297748257713043,-17.022517422869566,BC_network_weight_only,CS→CS,2011,119154
MM,94769.0,94034.43396390718,1.0078116707372828,0.7811670737282839,BC_network_x_prior_citation,CS→CS,2011,119154
MW,9685.0,10184.117015507203,0.9509906440836053,-4.900935591639466,BC_network_x_prior_citation,CS→CS,2011,119154
WM,11835.0,11791.621390964301,1.003678765421432,0.3678765421432084,BC_network_x_prior_citation,CS→CS,2011,119154
WW,2865.0,3143.827629621318,0.9113095046960626,-8.869049530393735,BC_network_x_prior_citation,CS→CS,2011,119154
MM,98262.0,96581.82576728768,1.0173963809377622,1.739638093776219,BC_network_weight_only,CS→CS,2012,124642
MW,10317.0,10832.772185892905,0.9523877935359357,-4.761220646406428,BC_network_weight_only,CS→CS,2012,124642
WM,12903.0,13319.19499840115,0.9687522407734769,-3.124775922652312,BC_network_weight_only,CS→CS,2012,124642
WW,3160.0,3908.207048418275,0.8085549104362092,-19.14450895637908,BC_network_weight_only,CS→CS,2012,124642
MM,98262.0,97342.48188040734,1.009446216100411,0.9446216100410965,BC_network_x_prior_citation,CS→CS,2012,124642
MW,10317.0,10872.546412179352,0.9489037442455033,-5.109625575449672,BC_network_x_prior_citation,CS→CS,2012,124642
WM,12903.0,12842.929331537052,1.0046773338786066,0.4677333878606582,BC_network_x_prior_citation,CS→CS,2012,124642
WW,3160.0,3584.0423758762513,0.8816860038457055,-11.83139961542945,BC_network_x_prior_citation,CS→CS,2012,124642
MM,110919.0,109034.12715442365,1.017286998986169,1.7286998986169033,BC_network_weight_only,CS→CS,2013,140888
MW,11868.0,12343.840221017093,0.961451200558566,-3.8548799441433967,BC_network_weight_only,CS→CS,2013,140888
WM,14591.0,15084.432826216414,0.9672886059488535,-3.2711394051146536,BC_network_weight_only,CS→CS,2013,140888
WW,3510.0,4425.599798342839,0.7931128344036702,-20.68871655963298,BC_network_weight_only,CS→CS,2013,140888
MM,110919.0,110001.83998238925,1.0083376788766223,0.833767887662229,BC_network_x_prior_citation,CS→CS,2013,140888
MW,11868.0,12299.152559208738,0.9649445311672371,-3.5055468832762893,BC_network_x_prior_citation,CS→CS,2013,140888
WM,14591.0,14510.019761736172,1.0055809874551225,0.5580987455122477,BC_network_x_prior_citation,CS→CS,2013,140888
WW,3510.0,4076.987696665843,0.8609297503817525,-13.907024961824755,BC_network_x_prior_citation,CS→CS,2013,140888
MM,116479.0,114437.13810853202,1.0178426507794305,1.784265077943048,BC_network_weight_only,CS→CS,2014,148830
MW,12590.0,13017.8653549819,0.9671324488835524,-3.286755111644757,BC_network_weight_only,CS→CS,2014,148830
WM,15933.0,16661.285462167267,0.9562887591223989,-4.371124087760114,BC_network_weight_only,CS→CS,2014,148830
WW,3828.0,4713.711074318808,0.8120989894471196,-18.790101055288044,BC_network_weight_only,CS→CS,2014,148830
MM,116479.0,115640.46179851293,1.0072512526190711,0.7251252619071114,BC_network_x_prior_citation,CS→CS,2014,148830
MW,12590.0,12914.079318218886,0.9749049614584848,-2.509503854151518,BC_network_x_prior_citation,CS→CS,2014,148830
WM,15933.0,15924.424136514868,1.0005385352344056,0.05385352344056127,BC_network_x_prior_citation,CS→CS,2014,148830
WW,3828.0,4351.034746753315,0.8797907217027866,-12.020927829721339,BC_network_x_prior_citation,CS→CS,2014,148830
MM,124872.0,122118.23305618839,1.0225500064559938,2.255000645599381,BC_network_weight_only,CS→CS,2015,159404
MW,13255.0,14260.515437910619,0.9294895445898453,-7.0510455410154655,BC_network_weight_only,CS→CS,2015,159404
WM,17243.0,17973.733759739767,0.9593443538494727,-4.065564615052731,BC_network_weight_only,CS→CS,2015,159404
WW,4034.0,5051.517746161215,0.7985718753666748,-20.142812463332515,BC_network_weight_only,CS→CS,2015,159404
MM,124872.0,123616.3023599614,1.0101580262155239,1.0158026215523863,BC_network_x_prior_citation,CS→CS,2015,159404
MW,13255.0,14124.840005087473,0.9384177091723392,-6.158229082766075,BC_network_x_prior_citation,CS→CS,2015,159404
WM,17243.0,17032.35869203935,1.012367124939607,1.23671249396069,BC_network_x_prior_citation,CS→CS,2015,159404
WW,4034.0,4630.49894291179,0.8711804169991464,-12.881958300085362,BC_network_x_prior_citation,CS→CS,2015,159404
MM,127768.0,124379.5179928621,1.027243086818622,2.7243086818621975,BC_network_weight_only,CS→CS,2016,163381
MW,13814.0,14633.614203255256,0.9439909928011542,-5.600900719884583,BC_network_weight_only,CS→CS,2016,163381
WM,17658.0,19073.53753865571,0.9257852647529654,-7.421473524703459,BC_network_weight_only,CS→CS,2016,163381
WW,4141.0,5294.330265226959,0.7821574764985845,-21.784252350141553,BC_network_weight_only,CS→CS,2016,163381
MM,127768.0,126169.71953930397,1.0126677024133206,1.2667702413320603,BC_network_x_prior_citation,CS→CS,2016,163381
MW,13814.0,14393.15760361991,0.9597616020355221,-4.023839796447792,BC_network_x_prior_citation,CS→CS,2016,163381
WM,17658.0,17992.757546212342,0.9813948726117964,-1.8605127388203635,BC_network_x_prior_citation,CS→CS,2016,163381
WW,4141.0,4825.365310863786,0.8581733678643952,-14.182663213560476,BC_network_x_prior_citation,CS→CS,2016,163381
MM,130830.0,126728.56227103647,1.0323639569128207,3.236395691282068,BC_network_weight_only,CS→CS,2017,166824
MW,14083.0,14930.460056858245,0.9432395215130047,-5.676047848699528,BC_network_weight_only,CS→CS,2017,166824
WM,17874.0,19896.075303842437,0.8983681317565216,-10.163186824347836,BC_network_weight_only,CS→CS,2017,166824
WW,4037.0,5268.902368262845,0.7661937378678355,-23.38062621321645,BC_network_weight_only,CS→CS,2017,166824
MM,130830.0,128843.973988495,1.0154141940055523,1.5414194005552329,BC_network_x_prior_citation,CS→CS,2017,166824
MW,14083.0,14631.907072766551,0.962485609699627,-3.7514390300372957,BC_network_x_prior_citation,CS→CS,2017,166824
WM,17874.0,18638.71242402852,0.9589718213022767,-4.102817869772335,BC_network_x_prior_citation,CS→CS,2017,166824
WW,4037.0,4709.406514709949,0.8572205409302275,-14.277945906977251,BC_network_x_prior_citation,CS→CS,2017,166824
MM,140605.0,135525.17208816123,1.03748254168262,3.7482541682620107,BC_network_weight_only,CS→CS,2018,179585
MW,15204.0,16254.225761859043,0.9353875246200022,-6.461247537999782,BC_network_weight_only,CS→CS,2018,179585
WM,19277.0,22165.3448537926,0.8696909579866793,-13.030904201332072,BC_network_weight_only,CS→CS,2018,179585
WW,4499.0,5640.257296187143,0.7976586463602217,-20.234135363977835,BC_network_weight_only,CS→CS,2018,179585
MM,140605.0,137952.35247023994,1.0192287226876562,1.9228722687656186,BC_network_x_prior_citation,CS→CS,2018,179585
MW,15204.0,15895.537241631848,0.9564948808511706,-4.350511914882937,BC_network_x_prior_citation,CS→CS,2018,179585
WM,19277.0,20691.586201665395,0.9316347143288831,-6.836528567111689,BC_network_x_prior_citation,CS→CS,2018,179585
WW,4499.0,5045.524086462811,0.8916814037358101,-10.831859626418993,BC_network_x_prior_citation,CS→CS,2018,179585
MM,157333.0,150812.00360264958,1.0432392398587287,4.323923985872868,BC_network_weight_only,CS→CS,2019,200668
MW,16642.0,18112.13057364705,0.918831715149731,-8.116828485026895,BC_network_weight_only,CS→CS,2019,200668
WM,21781.0,25396.918785605514,0.8576237213604452,-14.237627863955481,BC_network_weight_only,CS→CS,2019,200668
WW,4912.0,6346.947038097852,0.7739153912133638,-22.608460878663617,BC_network_weight_only,CS→CS,2019,200668
MM,157333.0,153911.85706681167,1.022227936160261,2.2227936160261086,BC_network_x_prior_citation,CS→CS,2019,200668
MW,16642.0,17867.3681281951,0.9314186555399034,-6.858134446009656,BC_network_x_prior_citation,CS→CS,2019,200668
WM,21781.0,23245.056138987635,0.9370164507139196,-6.298354928608041,BC_network_x_prior_citation,CS→CS,2019,200668
WW,4912.0,5643.718666005549,0.8703481322672952,-12.965186773270476,BC_network_x_prior_citation,CS→CS,2019,200668
MM,158254.0,151368.5401606151,1.0454880507672124,4.548805076721241,BC_network_weight_only,CS→CS,2020,202574
MW,16709.0,18480.97743249093,0.9041188465835328,-9.58811534164672,BC_network_weight_only,CS→CS,2020,202574
WM,22347.0,26219.58061808206,0.8523019618623734,-14.76980381376266,BC_network_weight_only,CS→CS,2020,202574
WW,5264.0,6504.901788811881,0.809235891778386,-19.076410822161407,BC_network_weight_only,CS→CS,2020,202574
MM,158254.0,155296.4601550968,1.0190444768795726,1.9044476879572558,BC_network_x_prior_citation,CS→CS,2020,202574
MW,16709.0,17927.307473857752,0.9320418040671008,-6.79581959328992,BC_network_x_prior_citation,CS→CS,2020,202574
WM,22347.0,23655.84371102067,0.9446714424135754,-5.532855758642463,BC_network_x_prior_citation,CS→CS,2020,202574
WW,5264.0,5694.388660024755,0.924418811970786,-7.558118802921399,BC_network_x_prior_citation,CS→CS,2020,202574
MM,170761.0,162725.53767196764,1.0493804626058802,4.938046260588025,BC_network_weight_only,CS→CS,2021,219244
MW,17907.0,20178.463087603748,0.8874313133888191,-11.25686866111809,BC_network_weight_only,CS→CS,2021,219244
WM,24636.0,29040.86621965829,0.8483218032705734,-15.167819672942661,BC_network_weight_only,CS→CS,2021,219244
WW,5940.0,7299.13302077029,0.8137952799458834,-18.62047200541166,BC_network_weight_only,CS→CS,2021,219244
MM,170761.0,167418.2998087328,1.0199661577921058,1.9966157792105754,BC_network_x_prior_citation,CS→CS,2021,219244
MW,17907.0,19346.035126702445,0.9256160180999459,-7.4383981900054135,BC_network_x_prior_citation,CS→CS,2021,219244
WM,24636.0,26008.02329466516,0.9472461524999252,-5.2753847500074835,BC_network_x_prior_citation,CS→CS,2021,219244
WW,5940.0,6471.641769899629,0.917850556504478,-8.2149443495522,BC_network_x_prior_citation,CS→CS,2021,219244
MM,150371.0,143203.9341075033,1.050047967865997,5.004796786599708,BC_network_weight_only,CS→CS,2022,195098
MW,16195.0,18058.199335923724,0.8968225291312847,-10.317747086871531,BC_network_weight_only,CS→CS,2022,195098
WM,22888.0,26983.991729533347,0.8482066044717032,-15.179339552829685,BC_network_weight_only,CS→CS,2022,195098
WW,5644.0,6851.874827039629,0.8237161568870203,-17.628384311297975,BC_network_weight_only,CS→CS,2022,195098
MM,150371.0,147369.55407756445,1.0203667978859177,2.0366797885917665,BC_network_x_prior_citation,CS→CS,2022,195098
MW,16195.0,17340.69782734103,0.9339301198401248,-6.606988015987525,BC_network_x_prior_citation,CS→CS,2022,195098
WM,22888.0,24330.005884141985,0.9407313795562265,-5.926862044377346,BC_network_x_prior_citation,CS→CS,2022,195098
WW,5644.0,6057.742210952538,0.9317002611625694,-6.829973883743056,BC_network_x_prior_citation,CS→CS,2022,195098
MM,162946.0,154642.66067952095,1.053693717399798,5.3693717399798,BC_network_weight_only,CS→CS,2023,213105
MW,17777.0,20133.52665672231,0.8829550978871603,-11.704490211283968,BC_network_weight_only,CS→CS,2023,213105
WM,25866.0,30408.638950213688,0.8506135392099894,-14.93864607900106,BC_network_weight_only,CS→CS,2023,213105
WW,6516.0,7920.173713543052,0.8227092278112544,-17.729077218874558,BC_network_weight_only,CS→CS,2023,213105
MM,162946.0,159364.85905868345,1.022471333783804,2.247133378380406,BC_network_x_prior_citation,CS→CS,2023,213105
MW,17777.0,19112.65568087675,0.9301166879591126,-6.9883312040887375,BC_network_x_prior_citation,CS→CS,2023,213105
WM,25866.0,27531.95977521937,0.9394899677022321,-6.051003229776786,BC_network_x_prior_citation,CS→CS,2023,213105
WW,6516.0,7095.525485220476,0.9183252196856186,-8.167478031438137,BC_network_x_prior_citation,CS→CS,2023,213105
MM,59770.0,56757.6088485486,1.0530746663322204,5.3074666332220355,BC_network_weight_only,CS→CS,2024,78882
MW,6630.0,7624.284338685641,0.8695898140051468,-13.041018599485321,BC_network_weight_only,CS→CS,2024,78882
WM,9928.0,11469.098077453085,0.8656304037993445,-13.436959620065547,BC_network_weight_only,CS→CS,2024,78882
WW,2554.0,3031.0087353126683,0.842623767541382,-15.737623245861798,BC_network_weight_only,CS→CS,2024,78882
MM,59770.0,58381.17458179498,1.0237889255938009,2.378892559380086,BC_network_x_prior_citation,CS→CS,2024,78882
MW,6630.0,7298.687965093957,0.9083824423934872,-9.16175576065128,BC_network_x_prior_citation,CS→CS,2024,78882
WM,9928.0,10468.687900104893,0.9483518942140328,-5.1648105785967235,BC_network_x_prior_citation,CS→CS,2024,78882
WW,2554.0,2733.4495530061813,0.9343505158861165,-6.564948411388349,BC_network_x_prior_citation,CS→CS,2024,78882
